case_id,seed,scenario,scenario_type,true_origin,magnitude,onset_fraction,affected_feature
F01_S7_M10_O20,7,F01,abrupt,feature,0.1,0.2,sensor_7
F02_S7_M10_O20,7,F02,gradual,feature,0.1,0.2,sensor_7
F03_S7_M10_O20,7,F03,multi_feature,feature,0.1,0.2,sensor_7
F04_S7_M10_O20,7,F04,concept,residual,0.1,0.2,sensor_7
F05_S7_M10_O20,7,F05,prediction,prediction,0.1,0.2,sensor_7
F06_S7_M10_O20,7,F06,prediction_controlled,prediction,0.1,0.2,sensor_7
F07_S7_M10_O20,7,F07,performance_only,performance,0.1,0.2,sensor_7
F08_S7_M10_O20,7,F08,recurrent,feature,0.1,0.2,sensor_7
F09_S7_M10_O20,7,F09,no_drift,none,0.1,0.2,none
F01_S7_M10_O35,7,F01,abrupt,feature,0.1,0.35,sensor_2
F02_S7_M10_O35,7,F02,gradual,feature,0.1,0.35,sensor_2
F03_S7_M10_O35,7,F03,multi_feature,feature,0.1,0.35,sensor_2
F04_S7_M10_O35,7,F04,concept,residual,0.1,0.35,sensor_2
F05_S7_M10_O35,7,F05,prediction,prediction,0.1,0.35,sensor_2
F06_S7_M10_O35,7,F06,prediction_controlled,prediction,0.1,0.35,sensor_2
F07_S7_M10_O35,7,F07,performance_only,performance,0.1,0.35,sensor_2
F08_S7_M10_O35,7,F08,recurrent,feature,0.1,0.35,sensor_2
F09_S7_M10_O35,7,F09,no_drift,none,0.1,0.35,none
F01_S7_M10_O50,7,F01,abrupt,feature,0.1,0.5,sensor_2
F02_S7_M10_O50,7,F02,gradual,feature,0.1,0.5,sensor_2
F03_S7_M10_O50,7,F03,multi_feature,feature,0.1,0.5,sensor_2
F04_S7_M10_O50,7,F04,concept,residual,0.1,0.5,sensor_2
F05_S7_M10_O50,7,F05,prediction,prediction,0.1,0.5,sensor_2
F06_S7_M10_O50,7,F06,prediction_controlled,prediction,0.1,0.5,sensor_2
F07_S7_M10_O50,7,F07,performance_only,performance,0.1,0.5,sensor_2
F08_S7_M10_O50,7,F08,recurrent,feature,0.1,0.5,sensor_2
F09_S7_M10_O50,7,F09,no_drift,none,0.1,0.5,none
F01_S7_M10_O65,7,F01,abrupt,feature,0.1,0.65,sensor_3
F02_S7_M10_O65,7,F02,gradual,feature,0.1,0.65,sensor_3
F03_S7_M10_O65,7,F03,multi_feature,feature,0.1,0.65,sensor_3
F04_S7_M10_O65,7,F04,concept,residual,0.1,0.65,sensor_3
F05_S7_M10_O65,7,F05,prediction,prediction,0.1,0.65,sensor_3
F06_S7_M10_O65,7,F06,prediction_controlled,prediction,0.1,0.65,sensor_3
F07_S7_M10_O65,7,F07,performance_only,performance,0.1,0.65,sensor_3
F08_S7_M10_O65,7,F08,recurrent,feature,0.1,0.65,sensor_3
F09_S7_M10_O65,7,F09,no_drift,none,0.1,0.65,none
F01_S7_M10_O80,7,F01,abrupt,feature,0.1,0.8,sensor_7
F02_S7_M10_O80,7,F02,gradual,feature,0.1,0.8,sensor_7
F03_S7_M10_O80,7,F03,multi_feature,feature,0.1,0.8,sensor_7
F04_S7_M10_O80,7,F04,concept,residual,0.1,0.8,sensor_7
F05_S7_M10_O80,7,F05,prediction,prediction,0.1,0.8,sensor_7
F06_S7_M10_O80,7,F06,prediction_controlled,prediction,0.1,0.8,sensor_7
F07_S7_M10_O80,7,F07,performance_only,performance,0.1,0.8,sensor_7
F08_S7_M10_O80,7,F08,recurrent,feature,0.1,0.8,sensor_7
F09_S7_M10_O80,7,F09,no_drift,none,0.1,0.8,none
F01_S7_M20_O20,7,F01,abrupt,feature,0.2,0.2,sensor_7
F02_S7_M20_O20,7,F02,gradual,feature,0.2,0.2,sensor_7
F03_S7_M20_O20,7,F03,multi_feature,feature,0.2,0.2,sensor_7
F04_S7_M20_O20,7,F04,concept,residual,0.2,0.2,sensor_7
F05_S7_M20_O20,7,F05,prediction,prediction,0.2,0.2,sensor_7
F06_S7_M20_O20,7,F06,prediction_controlled,prediction,0.2,0.2,sensor_7
F07_S7_M20_O20,7,F07,performance_only,performance,0.2,0.2,sensor_7
F08_S7_M20_O20,7,F08,recurrent,feature,0.2,0.2,sensor_7
F09_S7_M20_O20,7,F09,no_drift,none,0.2,0.2,none
F01_S7_M20_O35,7,F01,abrupt,feature,0.2,0.35,sensor_8
F02_S7_M20_O35,7,F02,gradual,feature,0.2,0.35,sensor_8
F03_S7_M20_O35,7,F03,multi_feature,feature,0.2,0.35,sensor_8
F04_S7_M20_O35,7,F04,concept,residual,0.2,0.35,sensor_8
F05_S7_M20_O35,7,F05,prediction,prediction,0.2,0.35,sensor_8
F06_S7_M20_O35,7,F06,prediction_controlled,prediction,0.2,0.35,sensor_8
F07_S7_M20_O35,7,F07,performance_only,performance,0.2,0.35,sensor_8
F08_S7_M20_O35,7,F08,recurrent,feature,0.2,0.35,sensor_8
F09_S7_M20_O35,7,F09,no_drift,none,0.2,0.35,none
F01_S7_M20_O50,7,F01,abrupt,feature,0.2,0.5,sensor_8
F02_S7_M20_O50,7,F02,gradual,feature,0.2,0.5,sensor_8
F03_S7_M20_O50,7,F03,multi_feature,feature,0.2,0.5,sensor_8
F04_S7_M20_O50,7,F04,concept,residual,0.2,0.5,sensor_8
F05_S7_M20_O50,7,F05,prediction,prediction,0.2,0.5,sensor_8
F06_S7_M20_O50,7,F06,prediction_controlled,prediction,0.2,0.5,sensor_8
F07_S7_M20_O50,7,F07,performance_only,performance,0.2,0.5,sensor_8
F08_S7_M20_O50,7,F08,recurrent,feature,0.2,0.5,sensor_8
F09_S7_M20_O50,7,F09,no_drift,none,0.2,0.5,none
F01_S7_M20_O65,7,F01,abrupt,feature,0.2,0.65,sensor_2
F02_S7_M20_O65,7,F02,gradual,feature,0.2,0.65,sensor_2
F03_S7_M20_O65,7,F03,multi_feature,feature,0.2,0.65,sensor_2
F04_S7_M20_O65,7,F04,concept,residual,0.2,0.65,sensor_2
F05_S7_M20_O65,7,F05,prediction,prediction,0.2,0.65,sensor_2
F06_S7_M20_O65,7,F06,prediction_controlled,prediction,0.2,0.65,sensor_2
F07_S7_M20_O65,7,F07,performance_only,performance,0.2,0.65,sensor_2
F08_S7_M20_O65,7,F08,recurrent,feature,0.2,0.65,sensor_2
F09_S7_M20_O65,7,F09,no_drift,none,0.2,0.65,none
F01_S7_M20_O80,7,F01,abrupt,feature,0.2,0.8,sensor_11
F02_S7_M20_O80,7,F02,gradual,feature,0.2,0.8,sensor_11
F03_S7_M20_O80,7,F03,multi_feature,feature,0.2,0.8,sensor_11
F04_S7_M20_O80,7,F04,concept,residual,0.2,0.8,sensor_11
F05_S7_M20_O80,7,F05,prediction,prediction,0.2,0.8,sensor_11
F06_S7_M20_O80,7,F06,prediction_controlled,prediction,0.2,0.8,sensor_11
F07_S7_M20_O80,7,F07,performance_only,performance,0.2,0.8,sensor_11
F08_S7_M20_O80,7,F08,recurrent,feature,0.2,0.8,sensor_11
F09_S7_M20_O80,7,F09,no_drift,none,0.2,0.8,none
F01_S7_M30_O20,7,F01,abrupt,feature,0.3,0.2,sensor_3
F02_S7_M30_O20,7,F02,gradual,feature,0.3,0.2,sensor_3
F03_S7_M30_O20,7,F03,multi_feature,feature,0.3,0.2,sensor_3
F04_S7_M30_O20,7,F04,concept,residual,0.3,0.2,sensor_3
F05_S7_M30_O20,7,F05,prediction,prediction,0.3,0.2,sensor_3
F06_S7_M30_O20,7,F06,prediction_controlled,prediction,0.3,0.2,sensor_3
F07_S7_M30_O20,7,F07,performance_only,performance,0.3,0.2,sensor_3
F08_S7_M30_O20,7,F08,recurrent,feature,0.3,0.2,sensor_3
F09_S7_M30_O20,7,F09,no_drift,none,0.3,0.2,none
F01_S7_M30_O35,7,F01,abrupt,feature,0.3,0.35,sensor_8
F02_S7_M30_O35,7,F02,gradual,feature,0.3,0.35,sensor_8
F03_S7_M30_O35,7,F03,multi_feature,feature,0.3,0.35,sensor_8
F04_S7_M30_O35,7,F04,concept,residual,0.3,0.35,sensor_8
F05_S7_M30_O35,7,F05,prediction,prediction,0.3,0.35,sensor_8
F06_S7_M30_O35,7,F06,prediction_controlled,prediction,0.3,0.35,sensor_8
F07_S7_M30_O35,7,F07,performance_only,performance,0.3,0.35,sensor_8
F08_S7_M30_O35,7,F08,recurrent,feature,0.3,0.35,sensor_8
F09_S7_M30_O35,7,F09,no_drift,none,0.3,0.35,none
F01_S7_M30_O50,7,F01,abrupt,feature,0.3,0.5,sensor_8
F02_S7_M30_O50,7,F02,gradual,feature,0.3,0.5,sensor_8
F03_S7_M30_O50,7,F03,multi_feature,feature,0.3,0.5,sensor_8
F04_S7_M30_O50,7,F04,concept,residual,0.3,0.5,sensor_8
F05_S7_M30_O50,7,F05,prediction,prediction,0.3,0.5,sensor_8
F06_S7_M30_O50,7,F06,prediction_controlled,prediction,0.3,0.5,sensor_8
F07_S7_M30_O50,7,F07,performance_only,performance,0.3,0.5,sensor_8
F08_S7_M30_O50,7,F08,recurrent,feature,0.3,0.5,sensor_8
F09_S7_M30_O50,7,F09,no_drift,none,0.3,0.5,none
F01_S7_M30_O65,7,F01,abrupt,feature,0.3,0.65,sensor_7
F02_S7_M30_O65,7,F02,gradual,feature,0.3,0.65,sensor_7
F03_S7_M30_O65,7,F03,multi_feature,feature,0.3,0.65,sensor_7
F04_S7_M30_O65,7,F04,concept,residual,0.3,0.65,sensor_7
F05_S7_M30_O65,7,F05,prediction,prediction,0.3,0.65,sensor_7
F06_S7_M30_O65,7,F06,prediction_controlled,prediction,0.3,0.65,sensor_7
F07_S7_M30_O65,7,F07,performance_only,performance,0.3,0.65,sensor_7
F08_S7_M30_O65,7,F08,recurrent,feature,0.3,0.65,sensor_7
F09_S7_M30_O65,7,F09,no_drift,none,0.3,0.65,none
F01_S7_M30_O80,7,F01,abrupt,feature,0.3,0.8,sensor_3
F02_S7_M30_O80,7,F02,gradual,feature,0.3,0.8,sensor_3
F03_S7_M30_O80,7,F03,multi_feature,feature,0.3,0.8,sensor_3
F04_S7_M30_O80,7,F04,concept,residual,0.3,0.8,sensor_3
F05_S7_M30_O80,7,F05,prediction,prediction,0.3,0.8,sensor_3
F06_S7_M30_O80,7,F06,prediction_controlled,prediction,0.3,0.8,sensor_3
F07_S7_M30_O80,7,F07,performance_only,performance,0.3,0.8,sensor_3
F08_S7_M30_O80,7,F08,recurrent,feature,0.3,0.8,sensor_3
F09_S7_M30_O80,7,F09,no_drift,none,0.3,0.8,none
F01_S7_M40_O20,7,F01,abrupt,feature,0.4,0.2,sensor_11
F02_S7_M40_O20,7,F02,gradual,feature,0.4,0.2,sensor_11
F03_S7_M40_O20,7,F03,multi_feature,feature,0.4,0.2,sensor_11
F04_S7_M40_O20,7,F04,concept,residual,0.4,0.2,sensor_11
F05_S7_M40_O20,7,F05,prediction,prediction,0.4,0.2,sensor_11
F06_S7_M40_O20,7,F06,prediction_controlled,prediction,0.4,0.2,sensor_11
F07_S7_M40_O20,7,F07,performance_only,performance,0.4,0.2,sensor_11
F08_S7_M40_O20,7,F08,recurrent,feature,0.4,0.2,sensor_11
F09_S7_M40_O20,7,F09,no_drift,none,0.4,0.2,none
F01_S7_M40_O35,7,F01,abrupt,feature,0.4,0.35,sensor_7
F02_S7_M40_O35,7,F02,gradual,feature,0.4,0.35,sensor_7
F03_S7_M40_O35,7,F03,multi_feature,feature,0.4,0.35,sensor_7
F04_S7_M40_O35,7,F04,concept,residual,0.4,0.35,sensor_7
F05_S7_M40_O35,7,F05,prediction,prediction,0.4,0.35,sensor_7
F06_S7_M40_O35,7,F06,prediction_controlled,prediction,0.4,0.35,sensor_7
F07_S7_M40_O35,7,F07,performance_only,performance,0.4,0.35,sensor_7
F08_S7_M40_O35,7,F08,recurrent,feature,0.4,0.35,sensor_7
F09_S7_M40_O35,7,F09,no_drift,none,0.4,0.35,none
F01_S7_M40_O50,7,F01,abrupt,feature,0.4,0.5,sensor_3
F02_S7_M40_O50,7,F02,gradual,feature,0.4,0.5,sensor_3
F03_S7_M40_O50,7,F03,multi_feature,feature,0.4,0.5,sensor_3
F04_S7_M40_O50,7,F04,concept,residual,0.4,0.5,sensor_3
F05_S7_M40_O50,7,F05,prediction,prediction,0.4,0.5,sensor_3
F06_S7_M40_O50,7,F06,prediction_controlled,prediction,0.4,0.5,sensor_3
F07_S7_M40_O50,7,F07,performance_only,performance,0.4,0.5,sensor_3
F08_S7_M40_O50,7,F08,recurrent,feature,0.4,0.5,sensor_3
F09_S7_M40_O50,7,F09,no_drift,none,0.4,0.5,none
F01_S7_M40_O65,7,F01,abrupt,feature,0.4,0.65,sensor_3
F02_S7_M40_O65,7,F02,gradual,feature,0.4,0.65,sensor_3
F03_S7_M40_O65,7,F03,multi_feature,feature,0.4,0.65,sensor_3
F04_S7_M40_O65,7,F04,concept,residual,0.4,0.65,sensor_3
F05_S7_M40_O65,7,F05,prediction,prediction,0.4,0.65,sensor_3
F06_S7_M40_O65,7,F06,prediction_controlled,prediction,0.4,0.65,sensor_3
F07_S7_M40_O65,7,F07,performance_only,performance,0.4,0.65,sensor_3
F08_S7_M40_O65,7,F08,recurrent,feature,0.4,0.65,sensor_3
F09_S7_M40_O65,7,F09,no_drift,none,0.4,0.65,none
F01_S7_M40_O80,7,F01,abrupt,feature,0.4,0.8,sensor_7
F02_S7_M40_O80,7,F02,gradual,feature,0.4,0.8,sensor_7
F03_S7_M40_O80,7,F03,multi_feature,feature,0.4,0.8,sensor_7
F04_S7_M40_O80,7,F04,concept,residual,0.4,0.8,sensor_7
F05_S7_M40_O80,7,F05,prediction,prediction,0.4,0.8,sensor_7
F06_S7_M40_O80,7,F06,prediction_controlled,prediction,0.4,0.8,sensor_7
F07_S7_M40_O80,7,F07,performance_only,performance,0.4,0.8,sensor_7
F08_S7_M40_O80,7,F08,recurrent,feature,0.4,0.8,sensor_7
F09_S7_M40_O80,7,F09,no_drift,none,0.4,0.8,none
F01_S7_M50_O20,7,F01,abrupt,feature,0.5,0.2,sensor_11
F02_S7_M50_O20,7,F02,gradual,feature,0.5,0.2,sensor_11
F03_S7_M50_O20,7,F03,multi_feature,feature,0.5,0.2,sensor_11
F04_S7_M50_O20,7,F04,concept,residual,0.5,0.2,sensor_11
F05_S7_M50_O20,7,F05,prediction,prediction,0.5,0.2,sensor_11
F06_S7_M50_O20,7,F06,prediction_controlled,prediction,0.5,0.2,sensor_11
F07_S7_M50_O20,7,F07,performance_only,performance,0.5,0.2,sensor_11
F08_S7_M50_O20,7,F08,recurrent,feature,0.5,0.2,sensor_11
F09_S7_M50_O20,7,F09,no_drift,none,0.5,0.2,none
F01_S7_M50_O35,7,F01,abrupt,feature,0.5,0.35,sensor_11
F02_S7_M50_O35,7,F02,gradual,feature,0.5,0.35,sensor_11
F03_S7_M50_O35,7,F03,multi_feature,feature,0.5,0.35,sensor_11
F04_S7_M50_O35,7,F04,concept,residual,0.5,0.35,sensor_11
F05_S7_M50_O35,7,F05,prediction,prediction,0.5,0.35,sensor_11
F06_S7_M50_O35,7,F06,prediction_controlled,prediction,0.5,0.35,sensor_11
F07_S7_M50_O35,7,F07,performance_only,performance,0.5,0.35,sensor_11
F08_S7_M50_O35,7,F08,recurrent,feature,0.5,0.35,sensor_11
F09_S7_M50_O35,7,F09,no_drift,none,0.5,0.35,none
F01_S7_M50_O50,7,F01,abrupt,feature,0.5,0.5,sensor_7
F02_S7_M50_O50,7,F02,gradual,feature,0.5,0.5,sensor_7
F03_S7_M50_O50,7,F03,multi_feature,feature,0.5,0.5,sensor_7
F04_S7_M50_O50,7,F04,concept,residual,0.5,0.5,sensor_7
F05_S7_M50_O50,7,F05,prediction,prediction,0.5,0.5,sensor_7
F06_S7_M50_O50,7,F06,prediction_controlled,prediction,0.5,0.5,sensor_7
F07_S7_M50_O50,7,F07,performance_only,performance,0.5,0.5,sensor_7
F08_S7_M50_O50,7,F08,recurrent,feature,0.5,0.5,sensor_7
F09_S7_M50_O50,7,F09,no_drift,none,0.5,0.5,none
F01_S7_M50_O65,7,F01,abrupt,feature,0.5,0.65,sensor_7
F02_S7_M50_O65,7,F02,gradual,feature,0.5,0.65,sensor_7
F03_S7_M50_O65,7,F03,multi_feature,feature,0.5,0.65,sensor_7
F04_S7_M50_O65,7,F04,concept,residual,0.5,0.65,sensor_7
F05_S7_M50_O65,7,F05,prediction,prediction,0.5,0.65,sensor_7
F06_S7_M50_O65,7,F06,prediction_controlled,prediction,0.5,0.65,sensor_7
F07_S7_M50_O65,7,F07,performance_only,performance,0.5,0.65,sensor_7
F08_S7_M50_O65,7,F08,recurrent,feature,0.5,0.65,sensor_7
F09_S7_M50_O65,7,F09,no_drift,none,0.5,0.65,none
F01_S7_M50_O80,7,F01,abrupt,feature,0.5,0.8,sensor_11
F02_S7_M50_O80,7,F02,gradual,feature,0.5,0.8,sensor_11
F03_S7_M50_O80,7,F03,multi_feature,feature,0.5,0.8,sensor_11
F04_S7_M50_O80,7,F04,concept,residual,0.5,0.8,sensor_11
F05_S7_M50_O80,7,F05,prediction,prediction,0.5,0.8,sensor_11
F06_S7_M50_O80,7,F06,prediction_controlled,prediction,0.5,0.8,sensor_11
F07_S7_M50_O80,7,F07,performance_only,performance,0.5,0.8,sensor_11
F08_S7_M50_O80,7,F08,recurrent,feature,0.5,0.8,sensor_11
F09_S7_M50_O80,7,F09,no_drift,none,0.5,0.8,none
F01_S21_M10_O20,21,F01,abrupt,feature,0.1,0.2,sensor_3
F02_S21_M10_O20,21,F02,gradual,feature,0.1,0.2,sensor_3
F03_S21_M10_O20,21,F03,multi_feature,feature,0.1,0.2,sensor_3
F04_S21_M10_O20,21,F04,concept,residual,0.1,0.2,sensor_3
F05_S21_M10_O20,21,F05,prediction,prediction,0.1,0.2,sensor_3
F06_S21_M10_O20,21,F06,prediction_controlled,prediction,0.1,0.2,sensor_3
F07_S21_M10_O20,21,F07,performance_only,performance,0.1,0.2,sensor_3
F08_S21_M10_O20,21,F08,recurrent,feature,0.1,0.2,sensor_3
F09_S21_M10_O20,21,F09,no_drift,none,0.1,0.2,none
F01_S21_M10_O35,21,F01,abrupt,feature,0.1,0.35,sensor_11
F02_S21_M10_O35,21,F02,gradual,feature,0.1,0.35,sensor_11
F03_S21_M10_O35,21,F03,multi_feature,feature,0.1,0.35,sensor_11
F04_S21_M10_O35,21,F04,concept,residual,0.1,0.35,sensor_11
F05_S21_M10_O35,21,F05,prediction,prediction,0.1,0.35,sensor_11
F06_S21_M10_O35,21,F06,prediction_controlled,prediction,0.1,0.35,sensor_11
F07_S21_M10_O35,21,F07,performance_only,performance,0.1,0.35,sensor_11
F08_S21_M10_O35,21,F08,recurrent,feature,0.1,0.35,sensor_11
F09_S21_M10_O35,21,F09,no_drift,none,0.1,0.35,none
F01_S21_M10_O50,21,F01,abrupt,feature,0.1,0.5,sensor_8
F02_S21_M10_O50,21,F02,gradual,feature,0.1,0.5,sensor_8
F03_S21_M10_O50,21,F03,multi_feature,feature,0.1,0.5,sensor_8
F04_S21_M10_O50,21,F04,concept,residual,0.1,0.5,sensor_8
F05_S21_M10_O50,21,F05,prediction,prediction,0.1,0.5,sensor_8
F06_S21_M10_O50,21,F06,prediction_controlled,prediction,0.1,0.5,sensor_8
F07_S21_M10_O50,21,F07,performance_only,performance,0.1,0.5,sensor_8
F08_S21_M10_O50,21,F08,recurrent,feature,0.1,0.5,sensor_8
F09_S21_M10_O50,21,F09,no_drift,none,0.1,0.5,none
F01_S21_M10_O65,21,F01,abrupt,feature,0.1,0.65,sensor_2
F02_S21_M10_O65,21,F02,gradual,feature,0.1,0.65,sensor_2
F03_S21_M10_O65,21,F03,multi_feature,feature,0.1,0.65,sensor_2
F04_S21_M10_O65,21,F04,concept,residual,0.1,0.65,sensor_2
F05_S21_M10_O65,21,F05,prediction,prediction,0.1,0.65,sensor_2
F06_S21_M10_O65,21,F06,prediction_controlled,prediction,0.1,0.65,sensor_2
F07_S21_M10_O65,21,F07,performance_only,performance,0.1,0.65,sensor_2
F08_S21_M10_O65,21,F08,recurrent,feature,0.1,0.65,sensor_2
F09_S21_M10_O65,21,F09,no_drift,none,0.1,0.65,none
F01_S21_M10_O80,21,F01,abrupt,feature,0.1,0.8,sensor_3
F02_S21_M10_O80,21,F02,gradual,feature,0.1,0.8,sensor_3
F03_S21_M10_O80,21,F03,multi_feature,feature,0.1,0.8,sensor_3
F04_S21_M10_O80,21,F04,concept,residual,0.1,0.8,sensor_3
F05_S21_M10_O80,21,F05,prediction,prediction,0.1,0.8,sensor_3
F06_S21_M10_O80,21,F06,prediction_controlled,prediction,0.1,0.8,sensor_3
F07_S21_M10_O80,21,F07,performance_only,performance,0.1,0.8,sensor_3
F08_S21_M10_O80,21,F08,recurrent,feature,0.1,0.8,sensor_3
F09_S21_M10_O80,21,F09,no_drift,none,0.1,0.8,none
F01_S21_M20_O20,21,F01,abrupt,feature,0.2,0.2,sensor_7
F02_S21_M20_O20,21,F02,gradual,feature,0.2,0.2,sensor_7
F03_S21_M20_O20,21,F03,multi_feature,feature,0.2,0.2,sensor_7
F04_S21_M20_O20,21,F04,concept,residual,0.2,0.2,sensor_7
F05_S21_M20_O20,21,F05,prediction,prediction,0.2,0.2,sensor_7
F06_S21_M20_O20,21,F06,prediction_controlled,prediction,0.2,0.2,sensor_7
F07_S21_M20_O20,21,F07,performance_only,performance,0.2,0.2,sensor_7
F08_S21_M20_O20,21,F08,recurrent,feature,0.2,0.2,sensor_7
F09_S21_M20_O20,21,F09,no_drift,none,0.2,0.2,none
F01_S21_M20_O35,21,F01,abrupt,feature,0.2,0.35,sensor_7
F02_S21_M20_O35,21,F02,gradual,feature,0.2,0.35,sensor_7
F03_S21_M20_O35,21,F03,multi_feature,feature,0.2,0.35,sensor_7
F04_S21_M20_O35,21,F04,concept,residual,0.2,0.35,sensor_7
F05_S21_M20_O35,21,F05,prediction,prediction,0.2,0.35,sensor_7
F06_S21_M20_O35,21,F06,prediction_controlled,prediction,0.2,0.35,sensor_7
F07_S21_M20_O35,21,F07,performance_only,performance,0.2,0.35,sensor_7
F08_S21_M20_O35,21,F08,recurrent,feature,0.2,0.35,sensor_7
F09_S21_M20_O35,21,F09,no_drift,none,0.2,0.35,none
F01_S21_M20_O50,21,F01,abrupt,feature,0.2,0.5,sensor_11
F02_S21_M20_O50,21,F02,gradual,feature,0.2,0.5,sensor_11
F03_S21_M20_O50,21,F03,multi_feature,feature,0.2,0.5,sensor_11
F04_S21_M20_O50,21,F04,concept,residual,0.2,0.5,sensor_11
F05_S21_M20_O50,21,F05,prediction,prediction,0.2,0.5,sensor_11
F06_S21_M20_O50,21,F06,prediction_controlled,prediction,0.2,0.5,sensor_11
F07_S21_M20_O50,21,F07,performance_only,performance,0.2,0.5,sensor_11
F08_S21_M20_O50,21,F08,recurrent,feature,0.2,0.5,sensor_11
F09_S21_M20_O50,21,F09,no_drift,none,0.2,0.5,none
F01_S21_M20_O65,21,F01,abrupt,feature,0.2,0.65,sensor_3
F02_S21_M20_O65,21,F02,gradual,feature,0.2,0.65,sensor_3
F03_S21_M20_O65,21,F03,multi_feature,feature,0.2,0.65,sensor_3
F04_S21_M20_O65,21,F04,concept,residual,0.2,0.65,sensor_3
F05_S21_M20_O65,21,F05,prediction,prediction,0.2,0.65,sensor_3
F06_S21_M20_O65,21,F06,prediction_controlled,prediction,0.2,0.65,sensor_3
F07_S21_M20_O65,21,F07,performance_only,performance,0.2,0.65,sensor_3
F08_S21_M20_O65,21,F08,recurrent,feature,0.2,0.65,sensor_3
F09_S21_M20_O65,21,F09,no_drift,none,0.2,0.65,none
F01_S21_M20_O80,21,F01,abrupt,feature,0.2,0.8,sensor_3
F02_S21_M20_O80,21,F02,gradual,feature,0.2,0.8,sensor_3
F03_S21_M20_O80,21,F03,multi_feature,feature,0.2,0.8,sensor_3
F04_S21_M20_O80,21,F04,concept,residual,0.2,0.8,sensor_3
F05_S21_M20_O80,21,F05,prediction,prediction,0.2,0.8,sensor_3
F06_S21_M20_O80,21,F06,prediction_controlled,prediction,0.2,0.8,sensor_3
F07_S21_M20_O80,21,F07,performance_only,performance,0.2,0.8,sensor_3
F08_S21_M20_O80,21,F08,recurrent,feature,0.2,0.8,sensor_3
F09_S21_M20_O80,21,F09,no_drift,none,0.2,0.8,none
F01_S21_M30_O20,21,F01,abrupt,feature,0.3,0.2,sensor_11
F02_S21_M30_O20,21,F02,gradual,feature,0.3,0.2,sensor_11
F03_S21_M30_O20,21,F03,multi_feature,feature,0.3,0.2,sensor_11
F04_S21_M30_O20,21,F04,concept,residual,0.3,0.2,sensor_11
F05_S21_M30_O20,21,F05,prediction,prediction,0.3,0.2,sensor_11
F06_S21_M30_O20,21,F06,prediction_controlled,prediction,0.3,0.2,sensor_11
F07_S21_M30_O20,21,F07,performance_only,performance,0.3,0.2,sensor_11
F08_S21_M30_O20,21,F08,recurrent,feature,0.3,0.2,sensor_11
F09_S21_M30_O20,21,F09,no_drift,none,0.3,0.2,none
F01_S21_M30_O35,21,F01,abrupt,feature,0.3,0.35,sensor_2
F02_S21_M30_O35,21,F02,gradual,feature,0.3,0.35,sensor_2
F03_S21_M30_O35,21,F03,multi_feature,feature,0.3,0.35,sensor_2
F04_S21_M30_O35,21,F04,concept,residual,0.3,0.35,sensor_2
F05_S21_M30_O35,21,F05,prediction,prediction,0.3,0.35,sensor_2
F06_S21_M30_O35,21,F06,prediction_controlled,prediction,0.3,0.35,sensor_2
F07_S21_M30_O35,21,F07,performance_only,performance,0.3,0.35,sensor_2
F08_S21_M30_O35,21,F08,recurrent,feature,0.3,0.35,sensor_2
F09_S21_M30_O35,21,F09,no_drift,none,0.3,0.35,none
F01_S21_M30_O50,21,F01,abrupt,feature,0.3,0.5,sensor_11
F02_S21_M30_O50,21,F02,gradual,feature,0.3,0.5,sensor_11
F03_S21_M30_O50,21,F03,multi_feature,feature,0.3,0.5,sensor_11
F04_S21_M30_O50,21,F04,concept,residual,0.3,0.5,sensor_11
F05_S21_M30_O50,21,F05,prediction,prediction,0.3,0.5,sensor_11
F06_S21_M30_O50,21,F06,prediction_controlled,prediction,0.3,0.5,sensor_11
F07_S21_M30_O50,21,F07,performance_only,performance,0.3,0.5,sensor_11
F08_S21_M30_O50,21,F08,recurrent,feature,0.3,0.5,sensor_11
F09_S21_M30_O50,21,F09,no_drift,none,0.3,0.5,none
F01_S21_M30_O65,21,F01,abrupt,feature,0.3,0.65,sensor_3
F02_S21_M30_O65,21,F02,gradual,feature,0.3,0.65,sensor_3
F03_S21_M30_O65,21,F03,multi_feature,feature,0.3,0.65,sensor_3
F04_S21_M30_O65,21,F04,concept,residual,0.3,0.65,sensor_3
F05_S21_M30_O65,21,F05,prediction,prediction,0.3,0.65,sensor_3
F06_S21_M30_O65,21,F06,prediction_controlled,prediction,0.3,0.65,sensor_3
F07_S21_M30_O65,21,F07,performance_only,performance,0.3,0.65,sensor_3
F08_S21_M30_O65,21,F08,recurrent,feature,0.3,0.65,sensor_3
F09_S21_M30_O65,21,F09,no_drift,none,0.3,0.65,none
F01_S21_M30_O80,21,F01,abrupt,feature,0.3,0.8,sensor_7
F02_S21_M30_O80,21,F02,gradual,feature,0.3,0.8,sensor_7
F03_S21_M30_O80,21,F03,multi_feature,feature,0.3,0.8,sensor_7
F04_S21_M30_O80,21,F04,concept,residual,0.3,0.8,sensor_7
F05_S21_M30_O80,21,F05,prediction,prediction,0.3,0.8,sensor_7
F06_S21_M30_O80,21,F06,prediction_controlled,prediction,0.3,0.8,sensor_7
F07_S21_M30_O80,21,F07,performance_only,performance,0.3,0.8,sensor_7
F08_S21_M30_O80,21,F08,recurrent,feature,0.3,0.8,sensor_7
F09_S21_M30_O80,21,F09,no_drift,none,0.3,0.8,none
F01_S21_M40_O20,21,F01,abrupt,feature,0.4,0.2,sensor_7
F02_S21_M40_O20,21,F02,gradual,feature,0.4,0.2,sensor_7
F03_S21_M40_O20,21,F03,multi_feature,feature,0.4,0.2,sensor_7
F04_S21_M40_O20,21,F04,concept,residual,0.4,0.2,sensor_7
F05_S21_M40_O20,21,F05,prediction,prediction,0.4,0.2,sensor_7
F06_S21_M40_O20,21,F06,prediction_controlled,prediction,0.4,0.2,sensor_7
F07_S21_M40_O20,21,F07,performance_only,performance,0.4,0.2,sensor_7
F08_S21_M40_O20,21,F08,recurrent,feature,0.4,0.2,sensor_7
F09_S21_M40_O20,21,F09,no_drift,none,0.4,0.2,none
F01_S21_M40_O35,21,F01,abrupt,feature,0.4,0.35,sensor_3
F02_S21_M40_O35,21,F02,gradual,feature,0.4,0.35,sensor_3
F03_S21_M40_O35,21,F03,multi_feature,feature,0.4,0.35,sensor_3
F04_S21_M40_O35,21,F04,concept,residual,0.4,0.35,sensor_3
F05_S21_M40_O35,21,F05,prediction,prediction,0.4,0.35,sensor_3
F06_S21_M40_O35,21,F06,prediction_controlled,prediction,0.4,0.35,sensor_3
F07_S21_M40_O35,21,F07,performance_only,performance,0.4,0.35,sensor_3
F08_S21_M40_O35,21,F08,recurrent,feature,0.4,0.35,sensor_3
F09_S21_M40_O35,21,F09,no_drift,none,0.4,0.35,none
F01_S21_M40_O50,21,F01,abrupt,feature,0.4,0.5,sensor_3
F02_S21_M40_O50,21,F02,gradual,feature,0.4,0.5,sensor_3
F03_S21_M40_O50,21,F03,multi_feature,feature,0.4,0.5,sensor_3
F04_S21_M40_O50,21,F04,concept,residual,0.4,0.5,sensor_3
F05_S21_M40_O50,21,F05,prediction,prediction,0.4,0.5,sensor_3
F06_S21_M40_O50,21,F06,prediction_controlled,prediction,0.4,0.5,sensor_3
F07_S21_M40_O50,21,F07,performance_only,performance,0.4,0.5,sensor_3
F08_S21_M40_O50,21,F08,recurrent,feature,0.4,0.5,sensor_3
F09_S21_M40_O50,21,F09,no_drift,none,0.4,0.5,none
F01_S21_M40_O65,21,F01,abrupt,feature,0.4,0.65,sensor_3
F02_S21_M40_O65,21,F02,gradual,feature,0.4,0.65,sensor_3
F03_S21_M40_O65,21,F03,multi_feature,feature,0.4,0.65,sensor_3
F04_S21_M40_O65,21,F04,concept,residual,0.4,0.65,sensor_3
F05_S21_M40_O65,21,F05,prediction,prediction,0.4,0.65,sensor_3
F06_S21_M40_O65,21,F06,prediction_controlled,prediction,0.4,0.65,sensor_3
F07_S21_M40_O65,21,F07,performance_only,performance,0.4,0.65,sensor_3
F08_S21_M40_O65,21,F08,recurrent,feature,0.4,0.65,sensor_3
F09_S21_M40_O65,21,F09,no_drift,none,0.4,0.65,none
F01_S21_M40_O80,21,F01,abrupt,feature,0.4,0.8,sensor_11
F02_S21_M40_O80,21,F02,gradual,feature,0.4,0.8,sensor_11
F03_S21_M40_O80,21,F03,multi_feature,feature,0.4,0.8,sensor_11
F04_S21_M40_O80,21,F04,concept,residual,0.4,0.8,sensor_11
F05_S21_M40_O80,21,F05,prediction,prediction,0.4,0.8,sensor_11
F06_S21_M40_O80,21,F06,prediction_controlled,prediction,0.4,0.8,sensor_11
F07_S21_M40_O80,21,F07,performance_only,performance,0.4,0.8,sensor_11
F08_S21_M40_O80,21,F08,recurrent,feature,0.4,0.8,sensor_11
F09_S21_M40_O80,21,F09,no_drift,none,0.4,0.8,none
F01_S21_M50_O20,21,F01,abrupt,feature,0.5,0.2,sensor_3
F02_S21_M50_O20,21,F02,gradual,feature,0.5,0.2,sensor_3
F03_S21_M50_O20,21,F03,multi_feature,feature,0.5,0.2,sensor_3
F04_S21_M50_O20,21,F04,concept,residual,0.5,0.2,sensor_3
F05_S21_M50_O20,21,F05,prediction,prediction,0.5,0.2,sensor_3
F06_S21_M50_O20,21,F06,prediction_controlled,prediction,0.5,0.2,sensor_3
F07_S21_M50_O20,21,F07,performance_only,performance,0.5,0.2,sensor_3
F08_S21_M50_O20,21,F08,recurrent,feature,0.5,0.2,sensor_3
F09_S21_M50_O20,21,F09,no_drift,none,0.5,0.2,none
F01_S21_M50_O35,21,F01,abrupt,feature,0.5,0.35,sensor_7
F02_S21_M50_O35,21,F02,gradual,feature,0.5,0.35,sensor_7
F03_S21_M50_O35,21,F03,multi_feature,feature,0.5,0.35,sensor_7
F04_S21_M50_O35,21,F04,concept,residual,0.5,0.35,sensor_7
F05_S21_M50_O35,21,F05,prediction,prediction,0.5,0.35,sensor_7
F06_S21_M50_O35,21,F06,prediction_controlled,prediction,0.5,0.35,sensor_7
F07_S21_M50_O35,21,F07,performance_only,performance,0.5,0.35,sensor_7
F08_S21_M50_O35,21,F08,recurrent,feature,0.5,0.35,sensor_7
F09_S21_M50_O35,21,F09,no_drift,none,0.5,0.35,none
F01_S21_M50_O50,21,F01,abrupt,feature,0.5,0.5,sensor_11
F02_S21_M50_O50,21,F02,gradual,feature,0.5,0.5,sensor_11
F03_S21_M50_O50,21,F03,multi_feature,feature,0.5,0.5,sensor_11
F04_S21_M50_O50,21,F04,concept,residual,0.5,0.5,sensor_11
F05_S21_M50_O50,21,F05,prediction,prediction,0.5,0.5,sensor_11
F06_S21_M50_O50,21,F06,prediction_controlled,prediction,0.5,0.5,sensor_11
F07_S21_M50_O50,21,F07,performance_only,performance,0.5,0.5,sensor_11
F08_S21_M50_O50,21,F08,recurrent,feature,0.5,0.5,sensor_11
F09_S21_M50_O50,21,F09,no_drift,none,0.5,0.5,none
F01_S21_M50_O65,21,F01,abrupt,feature,0.5,0.65,sensor_11
F02_S21_M50_O65,21,F02,gradual,feature,0.5,0.65,sensor_11
F03_S21_M50_O65,21,F03,multi_feature,feature,0.5,0.65,sensor_11
F04_S21_M50_O65,21,F04,concept,residual,0.5,0.65,sensor_11
F05_S21_M50_O65,21,F05,prediction,prediction,0.5,0.65,sensor_11
F06_S21_M50_O65,21,F06,prediction_controlled,prediction,0.5,0.65,sensor_11
F07_S21_M50_O65,21,F07,performance_only,performance,0.5,0.65,sensor_11
F08_S21_M50_O65,21,F08,recurrent,feature,0.5,0.65,sensor_11
F09_S21_M50_O65,21,F09,no_drift,none,0.5,0.65,none
F01_S21_M50_O80,21,F01,abrupt,feature,0.5,0.8,sensor_3
F02_S21_M50_O80,21,F02,gradual,feature,0.5,0.8,sensor_3
F03_S21_M50_O80,21,F03,multi_feature,feature,0.5,0.8,sensor_3
F04_S21_M50_O80,21,F04,concept,residual,0.5,0.8,sensor_3
F05_S21_M50_O80,21,F05,prediction,prediction,0.5,0.8,sensor_3
F06_S21_M50_O80,21,F06,prediction_controlled,prediction,0.5,0.8,sensor_3
F07_S21_M50_O80,21,F07,performance_only,performance,0.5,0.8,sensor_3
F08_S21_M50_O80,21,F08,recurrent,feature,0.5,0.8,sensor_3
F09_S21_M50_O80,21,F09,no_drift,none,0.5,0.8,none
F01_S42_M10_O20,42,F01,abrupt,feature,0.1,0.2,sensor_7
F02_S42_M10_O20,42,F02,gradual,feature,0.1,0.2,sensor_7
F03_S42_M10_O20,42,F03,multi_feature,feature,0.1,0.2,sensor_7
F04_S42_M10_O20,42,F04,concept,residual,0.1,0.2,sensor_7
F05_S42_M10_O20,42,F05,prediction,prediction,0.1,0.2,sensor_7
F06_S42_M10_O20,42,F06,prediction_controlled,prediction,0.1,0.2,sensor_7
F07_S42_M10_O20,42,F07,performance_only,performance,0.1,0.2,sensor_7
F08_S42_M10_O20,42,F08,recurrent,feature,0.1,0.2,sensor_7
F09_S42_M10_O20,42,F09,no_drift,none,0.1,0.2,none
F01_S42_M10_O35,42,F01,abrupt,feature,0.1,0.35,sensor_8
F02_S42_M10_O35,42,F02,gradual,feature,0.1,0.35,sensor_8
F03_S42_M10_O35,42,F03,multi_feature,feature,0.1,0.35,sensor_8
F04_S42_M10_O35,42,F04,concept,residual,0.1,0.35,sensor_8
F05_S42_M10_O35,42,F05,prediction,prediction,0.1,0.35,sensor_8
F06_S42_M10_O35,42,F06,prediction_controlled,prediction,0.1,0.35,sensor_8
F07_S42_M10_O35,42,F07,performance_only,performance,0.1,0.35,sensor_8
F08_S42_M10_O35,42,F08,recurrent,feature,0.1,0.35,sensor_8
F09_S42_M10_O35,42,F09,no_drift,none,0.1,0.35,none
F01_S42_M10_O50,42,F01,abrupt,feature,0.1,0.5,sensor_11
F02_S42_M10_O50,42,F02,gradual,feature,0.1,0.5,sensor_11
F03_S42_M10_O50,42,F03,multi_feature,feature,0.1,0.5,sensor_11
F04_S42_M10_O50,42,F04,concept,residual,0.1,0.5,sensor_11
F05_S42_M10_O50,42,F05,prediction,prediction,0.1,0.5,sensor_11
F06_S42_M10_O50,42,F06,prediction_controlled,prediction,0.1,0.5,sensor_11
F07_S42_M10_O50,42,F07,performance_only,performance,0.1,0.5,sensor_11
F08_S42_M10_O50,42,F08,recurrent,feature,0.1,0.5,sensor_11
F09_S42_M10_O50,42,F09,no_drift,none,0.1,0.5,none
F01_S42_M10_O65,42,F01,abrupt,feature,0.1,0.65,sensor_2
F02_S42_M10_O65,42,F02,gradual,feature,0.1,0.65,sensor_2
F03_S42_M10_O65,42,F03,multi_feature,feature,0.1,0.65,sensor_2
F04_S42_M10_O65,42,F04,concept,residual,0.1,0.65,sensor_2
F05_S42_M10_O65,42,F05,prediction,prediction,0.1,0.65,sensor_2
F06_S42_M10_O65,42,F06,prediction_controlled,prediction,0.1,0.65,sensor_2
F07_S42_M10_O65,42,F07,performance_only,performance,0.1,0.65,sensor_2
F08_S42_M10_O65,42,F08,recurrent,feature,0.1,0.65,sensor_2
F09_S42_M10_O65,42,F09,no_drift,none,0.1,0.65,none
F01_S42_M10_O80,42,F01,abrupt,feature,0.1,0.8,sensor_7
F02_S42_M10_O80,42,F02,gradual,feature,0.1,0.8,sensor_7
F03_S42_M10_O80,42,F03,multi_feature,feature,0.1,0.8,sensor_7
F04_S42_M10_O80,42,F04,concept,residual,0.1,0.8,sensor_7
F05_S42_M10_O80,42,F05,prediction,prediction,0.1,0.8,sensor_7
F06_S42_M10_O80,42,F06,prediction_controlled,prediction,0.1,0.8,sensor_7
F07_S42_M10_O80,42,F07,performance_only,performance,0.1,0.8,sensor_7
F08_S42_M10_O80,42,F08,recurrent,feature,0.1,0.8,sensor_7
F09_S42_M10_O80,42,F09,no_drift,none,0.1,0.8,none
F01_S42_M20_O20,42,F01,abrupt,feature,0.2,0.2,sensor_8
F02_S42_M20_O20,42,F02,gradual,feature,0.2,0.2,sensor_8
F03_S42_M20_O20,42,F03,multi_feature,feature,0.2,0.2,sensor_8
F04_S42_M20_O20,42,F04,concept,residual,0.2,0.2,sensor_8
F05_S42_M20_O20,42,F05,prediction,prediction,0.2,0.2,sensor_8
F06_S42_M20_O20,42,F06,prediction_controlled,prediction,0.2,0.2,sensor_8
F07_S42_M20_O20,42,F07,performance_only,performance,0.2,0.2,sensor_8
F08_S42_M20_O20,42,F08,recurrent,feature,0.2,0.2,sensor_8
F09_S42_M20_O20,42,F09,no_drift,none,0.2,0.2,none
F01_S42_M20_O35,42,F01,abrupt,feature,0.2,0.35,sensor_2
F02_S42_M20_O35,42,F02,gradual,feature,0.2,0.35,sensor_2
F03_S42_M20_O35,42,F03,multi_feature,feature,0.2,0.35,sensor_2
F04_S42_M20_O35,42,F04,concept,residual,0.2,0.35,sensor_2
F05_S42_M20_O35,42,F05,prediction,prediction,0.2,0.35,sensor_2
F06_S42_M20_O35,42,F06,prediction_controlled,prediction,0.2,0.35,sensor_2
F07_S42_M20_O35,42,F07,performance_only,performance,0.2,0.35,sensor_2
F08_S42_M20_O35,42,F08,recurrent,feature,0.2,0.35,sensor_2
F09_S42_M20_O35,42,F09,no_drift,none,0.2,0.35,none
F01_S42_M20_O50,42,F01,abrupt,feature,0.2,0.5,sensor_11
F02_S42_M20_O50,42,F02,gradual,feature,0.2,0.5,sensor_11
F03_S42_M20_O50,42,F03,multi_feature,feature,0.2,0.5,sensor_11
F04_S42_M20_O50,42,F04,concept,residual,0.2,0.5,sensor_11
F05_S42_M20_O50,42,F05,prediction,prediction,0.2,0.5,sensor_11
F06_S42_M20_O50,42,F06,prediction_controlled,prediction,0.2,0.5,sensor_11
F07_S42_M20_O50,42,F07,performance_only,performance,0.2,0.5,sensor_11
F08_S42_M20_O50,42,F08,recurrent,feature,0.2,0.5,sensor_11
F09_S42_M20_O50,42,F09,no_drift,none,0.2,0.5,none
F01_S42_M20_O65,42,F01,abrupt,feature,0.2,0.65,sensor_11
F02_S42_M20_O65,42,F02,gradual,feature,0.2,0.65,sensor_11
F03_S42_M20_O65,42,F03,multi_feature,feature,0.2,0.65,sensor_11
F04_S42_M20_O65,42,F04,concept,residual,0.2,0.65,sensor_11
F05_S42_M20_O65,42,F05,prediction,prediction,0.2,0.65,sensor_11
F06_S42_M20_O65,42,F06,prediction_controlled,prediction,0.2,0.65,sensor_11
F07_S42_M20_O65,42,F07,performance_only,performance,0.2,0.65,sensor_11
F08_S42_M20_O65,42,F08,recurrent,feature,0.2,0.65,sensor_11
F09_S42_M20_O65,42,F09,no_drift,none,0.2,0.65,none
F01_S42_M20_O80,42,F01,abrupt,feature,0.2,0.8,sensor_2
F02_S42_M20_O80,42,F02,gradual,feature,0.2,0.8,sensor_2
F03_S42_M20_O80,42,F03,multi_feature,feature,0.2,0.8,sensor_2
F04_S42_M20_O80,42,F04,concept,residual,0.2,0.8,sensor_2
F05_S42_M20_O80,42,F05,prediction,prediction,0.2,0.8,sensor_2
F06_S42_M20_O80,42,F06,prediction_controlled,prediction,0.2,0.8,sensor_2
F07_S42_M20_O80,42,F07,performance_only,performance,0.2,0.8,sensor_2
F08_S42_M20_O80,42,F08,recurrent,feature,0.2,0.8,sensor_2
F09_S42_M20_O80,42,F09,no_drift,none,0.2,0.8,none
F01_S42_M30_O20,42,F01,abrupt,feature,0.3,0.2,sensor_8
F02_S42_M30_O20,42,F02,gradual,feature,0.3,0.2,sensor_8
F03_S42_M30_O20,42,F03,multi_feature,feature,0.3,0.2,sensor_8
F04_S42_M30_O20,42,F04,concept,residual,0.3,0.2,sensor_8
F05_S42_M30_O20,42,F05,prediction,prediction,0.3,0.2,sensor_8
F06_S42_M30_O20,42,F06,prediction_controlled,prediction,0.3,0.2,sensor_8
F07_S42_M30_O20,42,F07,performance_only,performance,0.3,0.2,sensor_8
F08_S42_M30_O20,42,F08,recurrent,feature,0.3,0.2,sensor_8
F09_S42_M30_O20,42,F09,no_drift,none,0.3,0.2,none
F01_S42_M30_O35,42,F01,abrupt,feature,0.3,0.35,sensor_11
F02_S42_M30_O35,42,F02,gradual,feature,0.3,0.35,sensor_11
F03_S42_M30_O35,42,F03,multi_feature,feature,0.3,0.35,sensor_11
F04_S42_M30_O35,42,F04,concept,residual,0.3,0.35,sensor_11
F05_S42_M30_O35,42,F05,prediction,prediction,0.3,0.35,sensor_11
F06_S42_M30_O35,42,F06,prediction_controlled,prediction,0.3,0.35,sensor_11
F07_S42_M30_O35,42,F07,performance_only,performance,0.3,0.35,sensor_11
F08_S42_M30_O35,42,F08,recurrent,feature,0.3,0.35,sensor_11
F09_S42_M30_O35,42,F09,no_drift,none,0.3,0.35,none
F01_S42_M30_O50,42,F01,abrupt,feature,0.3,0.5,sensor_11
F02_S42_M30_O50,42,F02,gradual,feature,0.3,0.5,sensor_11
F03_S42_M30_O50,42,F03,multi_feature,feature,0.3,0.5,sensor_11
F04_S42_M30_O50,42,F04,concept,residual,0.3,0.5,sensor_11
F05_S42_M30_O50,42,F05,prediction,prediction,0.3,0.5,sensor_11
F06_S42_M30_O50,42,F06,prediction_controlled,prediction,0.3,0.5,sensor_11
F07_S42_M30_O50,42,F07,performance_only,performance,0.3,0.5,sensor_11
F08_S42_M30_O50,42,F08,recurrent,feature,0.3,0.5,sensor_11
F09_S42_M30_O50,42,F09,no_drift,none,0.3,0.5,none
F01_S42_M30_O65,42,F01,abrupt,feature,0.3,0.65,sensor_2
F02_S42_M30_O65,42,F02,gradual,feature,0.3,0.65,sensor_2
F03_S42_M30_O65,42,F03,multi_feature,feature,0.3,0.65,sensor_2
F04_S42_M30_O65,42,F04,concept,residual,0.3,0.65,sensor_2
F05_S42_M30_O65,42,F05,prediction,prediction,0.3,0.65,sensor_2
F06_S42_M30_O65,42,F06,prediction_controlled,prediction,0.3,0.65,sensor_2
F07_S42_M30_O65,42,F07,performance_only,performance,0.3,0.65,sensor_2
F08_S42_M30_O65,42,F08,recurrent,feature,0.3,0.65,sensor_2
F09_S42_M30_O65,42,F09,no_drift,none,0.3,0.65,none
F01_S42_M30_O80,42,F01,abrupt,feature,0.3,0.8,sensor_3
F02_S42_M30_O80,42,F02,gradual,feature,0.3,0.8,sensor_3
F03_S42_M30_O80,42,F03,multi_feature,feature,0.3,0.8,sensor_3
F04_S42_M30_O80,42,F04,concept,residual,0.3,0.8,sensor_3
F05_S42_M30_O80,42,F05,prediction,prediction,0.3,0.8,sensor_3
F06_S42_M30_O80,42,F06,prediction_controlled,prediction,0.3,0.8,sensor_3
F07_S42_M30_O80,42,F07,performance_only,performance,0.3,0.8,sensor_3
F08_S42_M30_O80,42,F08,recurrent,feature,0.3,0.8,sensor_3
F09_S42_M30_O80,42,F09,no_drift,none,0.3,0.8,none
F01_S42_M40_O20,42,F01,abrupt,feature,0.4,0.2,sensor_8
F02_S42_M40_O20,42,F02,gradual,feature,0.4,0.2,sensor_8
F03_S42_M40_O20,42,F03,multi_feature,feature,0.4,0.2,sensor_8
F04_S42_M40_O20,42,F04,concept,residual,0.4,0.2,sensor_8
F05_S42_M40_O20,42,F05,prediction,prediction,0.4,0.2,sensor_8
F06_S42_M40_O20,42,F06,prediction_controlled,prediction,0.4,0.2,sensor_8
F07_S42_M40_O20,42,F07,performance_only,performance,0.4,0.2,sensor_8
F08_S42_M40_O20,42,F08,recurrent,feature,0.4,0.2,sensor_8
F09_S42_M40_O20,42,F09,no_drift,none,0.4,0.2,none
F01_S42_M40_O35,42,F01,abrupt,feature,0.4,0.35,sensor_8
F02_S42_M40_O35,42,F02,gradual,feature,0.4,0.35,sensor_8
F03_S42_M40_O35,42,F03,multi_feature,feature,0.4,0.35,sensor_8
F04_S42_M40_O35,42,F04,concept,residual,0.4,0.35,sensor_8
F05_S42_M40_O35,42,F05,prediction,prediction,0.4,0.35,sensor_8
F06_S42_M40_O35,42,F06,prediction_controlled,prediction,0.4,0.35,sensor_8
F07_S42_M40_O35,42,F07,performance_only,performance,0.4,0.35,sensor_8
F08_S42_M40_O35,42,F08,recurrent,feature,0.4,0.35,sensor_8
F09_S42_M40_O35,42,F09,no_drift,none,0.4,0.35,none
F01_S42_M40_O50,42,F01,abrupt,feature,0.4,0.5,sensor_11
F02_S42_M40_O50,42,F02,gradual,feature,0.4,0.5,sensor_11
F03_S42_M40_O50,42,F03,multi_feature,feature,0.4,0.5,sensor_11
F04_S42_M40_O50,42,F04,concept,residual,0.4,0.5,sensor_11
F05_S42_M40_O50,42,F05,prediction,prediction,0.4,0.5,sensor_11
F06_S42_M40_O50,42,F06,prediction_controlled,prediction,0.4,0.5,sensor_11
F07_S42_M40_O50,42,F07,performance_only,performance,0.4,0.5,sensor_11
F08_S42_M40_O50,42,F08,recurrent,feature,0.4,0.5,sensor_11
F09_S42_M40_O50,42,F09,no_drift,none,0.4,0.5,none
F01_S42_M40_O65,42,F01,abrupt,feature,0.4,0.65,sensor_8
F02_S42_M40_O65,42,F02,gradual,feature,0.4,0.65,sensor_8
F03_S42_M40_O65,42,F03,multi_feature,feature,0.4,0.65,sensor_8
F04_S42_M40_O65,42,F04,concept,residual,0.4,0.65,sensor_8
F05_S42_M40_O65,42,F05,prediction,prediction,0.4,0.65,sensor_8
F06_S42_M40_O65,42,F06,prediction_controlled,prediction,0.4,0.65,sensor_8
F07_S42_M40_O65,42,F07,performance_only,performance,0.4,0.65,sensor_8
F08_S42_M40_O65,42,F08,recurrent,feature,0.4,0.65,sensor_8
F09_S42_M40_O65,42,F09,no_drift,none,0.4,0.65,none
F01_S42_M40_O80,42,F01,abrupt,feature,0.4,0.8,sensor_7
F02_S42_M40_O80,42,F02,gradual,feature,0.4,0.8,sensor_7
F03_S42_M40_O80,42,F03,multi_feature,feature,0.4,0.8,sensor_7
F04_S42_M40_O80,42,F04,concept,residual,0.4,0.8,sensor_7
F05_S42_M40_O80,42,F05,prediction,prediction,0.4,0.8,sensor_7
F06_S42_M40_O80,42,F06,prediction_controlled,prediction,0.4,0.8,sensor_7
F07_S42_M40_O80,42,F07,performance_only,performance,0.4,0.8,sensor_7
F08_S42_M40_O80,42,F08,recurrent,feature,0.4,0.8,sensor_7
F09_S42_M40_O80,42,F09,no_drift,none,0.4,0.8,none
F01_S42_M50_O20,42,F01,abrupt,feature,0.5,0.2,sensor_3
F02_S42_M50_O20,42,F02,gradual,feature,0.5,0.2,sensor_3
F03_S42_M50_O20,42,F03,multi_feature,feature,0.5,0.2,sensor_3
F04_S42_M50_O20,42,F04,concept,residual,0.5,0.2,sensor_3
F05_S42_M50_O20,42,F05,prediction,prediction,0.5,0.2,sensor_3
F06_S42_M50_O20,42,F06,prediction_controlled,prediction,0.5,0.2,sensor_3
F07_S42_M50_O20,42,F07,performance_only,performance,0.5,0.2,sensor_3
F08_S42_M50_O20,42,F08,recurrent,feature,0.5,0.2,sensor_3
F09_S42_M50_O20,42,F09,no_drift,none,0.5,0.2,none
F01_S42_M50_O35,42,F01,abrupt,feature,0.5,0.35,sensor_7
F02_S42_M50_O35,42,F02,gradual,feature,0.5,0.35,sensor_7
F03_S42_M50_O35,42,F03,multi_feature,feature,0.5,0.35,sensor_7
F04_S42_M50_O35,42,F04,concept,residual,0.5,0.35,sensor_7
F05_S42_M50_O35,42,F05,prediction,prediction,0.5,0.35,sensor_7
F06_S42_M50_O35,42,F06,prediction_controlled,prediction,0.5,0.35,sensor_7
F07_S42_M50_O35,42,F07,performance_only,performance,0.5,0.35,sensor_7
F08_S42_M50_O35,42,F08,recurrent,feature,0.5,0.35,sensor_7
F09_S42_M50_O35,42,F09,no_drift,none,0.5,0.35,none
F01_S42_M50_O50,42,F01,abrupt,feature,0.5,0.5,sensor_3
F02_S42_M50_O50,42,F02,gradual,feature,0.5,0.5,sensor_3
F03_S42_M50_O50,42,F03,multi_feature,feature,0.5,0.5,sensor_3
F04_S42_M50_O50,42,F04,concept,residual,0.5,0.5,sensor_3
F05_S42_M50_O50,42,F05,prediction,prediction,0.5,0.5,sensor_3
F06_S42_M50_O50,42,F06,prediction_controlled,prediction,0.5,0.5,sensor_3
F07_S42_M50_O50,42,F07,performance_only,performance,0.5,0.5,sensor_3
F08_S42_M50_O50,42,F08,recurrent,feature,0.5,0.5,sensor_3
F09_S42_M50_O50,42,F09,no_drift,none,0.5,0.5,none
F01_S42_M50_O65,42,F01,abrupt,feature,0.5,0.65,sensor_11
F02_S42_M50_O65,42,F02,gradual,feature,0.5,0.65,sensor_11
F03_S42_M50_O65,42,F03,multi_feature,feature,0.5,0.65,sensor_11
F04_S42_M50_O65,42,F04,concept,residual,0.5,0.65,sensor_11
F05_S42_M50_O65,42,F05,prediction,prediction,0.5,0.65,sensor_11
F06_S42_M50_O65,42,F06,prediction_controlled,prediction,0.5,0.65,sensor_11
F07_S42_M50_O65,42,F07,performance_only,performance,0.5,0.65,sensor_11
F08_S42_M50_O65,42,F08,recurrent,feature,0.5,0.65,sensor_11
F09_S42_M50_O65,42,F09,no_drift,none,0.5,0.65,none
F01_S42_M50_O80,42,F01,abrupt,feature,0.5,0.8,sensor_3
F02_S42_M50_O80,42,F02,gradual,feature,0.5,0.8,sensor_3
F03_S42_M50_O80,42,F03,multi_feature,feature,0.5,0.8,sensor_3
F04_S42_M50_O80,42,F04,concept,residual,0.5,0.8,sensor_3
F05_S42_M50_O80,42,F05,prediction,prediction,0.5,0.8,sensor_3
F06_S42_M50_O80,42,F06,prediction_controlled,prediction,0.5,0.8,sensor_3
F07_S42_M50_O80,42,F07,performance_only,performance,0.5,0.8,sensor_3
F08_S42_M50_O80,42,F08,recurrent,feature,0.5,0.8,sensor_3
F09_S42_M50_O80,42,F09,no_drift,none,0.5,0.8,none
F01_S84_M10_O20,84,F01,abrupt,feature,0.1,0.2,sensor_8
F02_S84_M10_O20,84,F02,gradual,feature,0.1,0.2,sensor_8
F03_S84_M10_O20,84,F03,multi_feature,feature,0.1,0.2,sensor_8
F04_S84_M10_O20,84,F04,concept,residual,0.1,0.2,sensor_8
F05_S84_M10_O20,84,F05,prediction,prediction,0.1,0.2,sensor_8
F06_S84_M10_O20,84,F06,prediction_controlled,prediction,0.1,0.2,sensor_8
F07_S84_M10_O20,84,F07,performance_only,performance,0.1,0.2,sensor_8
F08_S84_M10_O20,84,F08,recurrent,feature,0.1,0.2,sensor_8
F09_S84_M10_O20,84,F09,no_drift,none,0.1,0.2,none
F01_S84_M10_O35,84,F01,abrupt,feature,0.1,0.35,sensor_2
F02_S84_M10_O35,84,F02,gradual,feature,0.1,0.35,sensor_2
F03_S84_M10_O35,84,F03,multi_feature,feature,0.1,0.35,sensor_2
F04_S84_M10_O35,84,F04,concept,residual,0.1,0.35,sensor_2
F05_S84_M10_O35,84,F05,prediction,prediction,0.1,0.35,sensor_2
F06_S84_M10_O35,84,F06,prediction_controlled,prediction,0.1,0.35,sensor_2
F07_S84_M10_O35,84,F07,performance_only,performance,0.1,0.35,sensor_2
F08_S84_M10_O35,84,F08,recurrent,feature,0.1,0.35,sensor_2
F09_S84_M10_O35,84,F09,no_drift,none,0.1,0.35,none
F01_S84_M10_O50,84,F01,abrupt,feature,0.1,0.5,sensor_7
F02_S84_M10_O50,84,F02,gradual,feature,0.1,0.5,sensor_7
F03_S84_M10_O50,84,F03,multi_feature,feature,0.1,0.5,sensor_7
F04_S84_M10_O50,84,F04,concept,residual,0.1,0.5,sensor_7
F05_S84_M10_O50,84,F05,prediction,prediction,0.1,0.5,sensor_7
F06_S84_M10_O50,84,F06,prediction_controlled,prediction,0.1,0.5,sensor_7
F07_S84_M10_O50,84,F07,performance_only,performance,0.1,0.5,sensor_7
F08_S84_M10_O50,84,F08,recurrent,feature,0.1,0.5,sensor_7
F09_S84_M10_O50,84,F09,no_drift,none,0.1,0.5,none
F01_S84_M10_O65,84,F01,abrupt,feature,0.1,0.65,sensor_8
F02_S84_M10_O65,84,F02,gradual,feature,0.1,0.65,sensor_8
F03_S84_M10_O65,84,F03,multi_feature,feature,0.1,0.65,sensor_8
F04_S84_M10_O65,84,F04,concept,residual,0.1,0.65,sensor_8
F05_S84_M10_O65,84,F05,prediction,prediction,0.1,0.65,sensor_8
F06_S84_M10_O65,84,F06,prediction_controlled,prediction,0.1,0.65,sensor_8
F07_S84_M10_O65,84,F07,performance_only,performance,0.1,0.65,sensor_8
F08_S84_M10_O65,84,F08,recurrent,feature,0.1,0.65,sensor_8
F09_S84_M10_O65,84,F09,no_drift,none,0.1,0.65,none
F01_S84_M10_O80,84,F01,abrupt,feature,0.1,0.8,sensor_2
F02_S84_M10_O80,84,F02,gradual,feature,0.1,0.8,sensor_2
F03_S84_M10_O80,84,F03,multi_feature,feature,0.1,0.8,sensor_2
F04_S84_M10_O80,84,F04,concept,residual,0.1,0.8,sensor_2
F05_S84_M10_O80,84,F05,prediction,prediction,0.1,0.8,sensor_2
F06_S84_M10_O80,84,F06,prediction_controlled,prediction,0.1,0.8,sensor_2
F07_S84_M10_O80,84,F07,performance_only,performance,0.1,0.8,sensor_2
F08_S84_M10_O80,84,F08,recurrent,feature,0.1,0.8,sensor_2
F09_S84_M10_O80,84,F09,no_drift,none,0.1,0.8,none
F01_S84_M20_O20,84,F01,abrupt,feature,0.2,0.2,sensor_8
F02_S84_M20_O20,84,F02,gradual,feature,0.2,0.2,sensor_8
F03_S84_M20_O20,84,F03,multi_feature,feature,0.2,0.2,sensor_8
F04_S84_M20_O20,84,F04,concept,residual,0.2,0.2,sensor_8
F05_S84_M20_O20,84,F05,prediction,prediction,0.2,0.2,sensor_8
F06_S84_M20_O20,84,F06,prediction_controlled,prediction,0.2,0.2,sensor_8
F07_S84_M20_O20,84,F07,performance_only,performance,0.2,0.2,sensor_8
F08_S84_M20_O20,84,F08,recurrent,feature,0.2,0.2,sensor_8
F09_S84_M20_O20,84,F09,no_drift,none,0.2,0.2,none
F01_S84_M20_O35,84,F01,abrupt,feature,0.2,0.35,sensor_11
F02_S84_M20_O35,84,F02,gradual,feature,0.2,0.35,sensor_11
F03_S84_M20_O35,84,F03,multi_feature,feature,0.2,0.35,sensor_11
F04_S84_M20_O35,84,F04,concept,residual,0.2,0.35,sensor_11
F05_S84_M20_O35,84,F05,prediction,prediction,0.2,0.35,sensor_11
F06_S84_M20_O35,84,F06,prediction_controlled,prediction,0.2,0.35,sensor_11
F07_S84_M20_O35,84,F07,performance_only,performance,0.2,0.35,sensor_11
F08_S84_M20_O35,84,F08,recurrent,feature,0.2,0.35,sensor_11
F09_S84_M20_O35,84,F09,no_drift,none,0.2,0.35,none
F01_S84_M20_O50,84,F01,abrupt,feature,0.2,0.5,sensor_8
F02_S84_M20_O50,84,F02,gradual,feature,0.2,0.5,sensor_8
F03_S84_M20_O50,84,F03,multi_feature,feature,0.2,0.5,sensor_8
F04_S84_M20_O50,84,F04,concept,residual,0.2,0.5,sensor_8
F05_S84_M20_O50,84,F05,prediction,prediction,0.2,0.5,sensor_8
F06_S84_M20_O50,84,F06,prediction_controlled,prediction,0.2,0.5,sensor_8
F07_S84_M20_O50,84,F07,performance_only,performance,0.2,0.5,sensor_8
F08_S84_M20_O50,84,F08,recurrent,feature,0.2,0.5,sensor_8
F09_S84_M20_O50,84,F09,no_drift,none,0.2,0.5,none
F01_S84_M20_O65,84,F01,abrupt,feature,0.2,0.65,sensor_8
F02_S84_M20_O65,84,F02,gradual,feature,0.2,0.65,sensor_8
F03_S84_M20_O65,84,F03,multi_feature,feature,0.2,0.65,sensor_8
F04_S84_M20_O65,84,F04,concept,residual,0.2,0.65,sensor_8
F05_S84_M20_O65,84,F05,prediction,prediction,0.2,0.65,sensor_8
F06_S84_M20_O65,84,F06,prediction_controlled,prediction,0.2,0.65,sensor_8
F07_S84_M20_O65,84,F07,performance_only,performance,0.2,0.65,sensor_8
F08_S84_M20_O65,84,F08,recurrent,feature,0.2,0.65,sensor_8
F09_S84_M20_O65,84,F09,no_drift,none,0.2,0.65,none
F01_S84_M20_O80,84,F01,abrupt,feature,0.2,0.8,sensor_7
F02_S84_M20_O80,84,F02,gradual,feature,0.2,0.8,sensor_7
F03_S84_M20_O80,84,F03,multi_feature,feature,0.2,0.8,sensor_7
F04_S84_M20_O80,84,F04,concept,residual,0.2,0.8,sensor_7
F05_S84_M20_O80,84,F05,prediction,prediction,0.2,0.8,sensor_7
F06_S84_M20_O80,84,F06,prediction_controlled,prediction,0.2,0.8,sensor_7
F07_S84_M20_O80,84,F07,performance_only,performance,0.2,0.8,sensor_7
F08_S84_M20_O80,84,F08,recurrent,feature,0.2,0.8,sensor_7
F09_S84_M20_O80,84,F09,no_drift,none,0.2,0.8,none
F01_S84_M30_O20,84,F01,abrupt,feature,0.3,0.2,sensor_11
F02_S84_M30_O20,84,F02,gradual,feature,0.3,0.2,sensor_11
F03_S84_M30_O20,84,F03,multi_feature,feature,0.3,0.2,sensor_11
F04_S84_M30_O20,84,F04,concept,residual,0.3,0.2,sensor_11
F05_S84_M30_O20,84,F05,prediction,prediction,0.3,0.2,sensor_11
F06_S84_M30_O20,84,F06,prediction_controlled,prediction,0.3,0.2,sensor_11
F07_S84_M30_O20,84,F07,performance_only,performance,0.3,0.2,sensor_11
F08_S84_M30_O20,84,F08,recurrent,feature,0.3,0.2,sensor_11
F09_S84_M30_O20,84,F09,no_drift,none,0.3,0.2,none
F01_S84_M30_O35,84,F01,abrupt,feature,0.3,0.35,sensor_8
F02_S84_M30_O35,84,F02,gradual,feature,0.3,0.35,sensor_8
F03_S84_M30_O35,84,F03,multi_feature,feature,0.3,0.35,sensor_8
F04_S84_M30_O35,84,F04,concept,residual,0.3,0.35,sensor_8
F05_S84_M30_O35,84,F05,prediction,prediction,0.3,0.35,sensor_8
F06_S84_M30_O35,84,F06,prediction_controlled,prediction,0.3,0.35,sensor_8
F07_S84_M30_O35,84,F07,performance_only,performance,0.3,0.35,sensor_8
F08_S84_M30_O35,84,F08,recurrent,feature,0.3,0.35,sensor_8
F09_S84_M30_O35,84,F09,no_drift,none,0.3,0.35,none
F01_S84_M30_O50,84,F01,abrupt,feature,0.3,0.5,sensor_11
F02_S84_M30_O50,84,F02,gradual,feature,0.3,0.5,sensor_11
F03_S84_M30_O50,84,F03,multi_feature,feature,0.3,0.5,sensor_11
F04_S84_M30_O50,84,F04,concept,residual,0.3,0.5,sensor_11
F05_S84_M30_O50,84,F05,prediction,prediction,0.3,0.5,sensor_11
F06_S84_M30_O50,84,F06,prediction_controlled,prediction,0.3,0.5,sensor_11
F07_S84_M30_O50,84,F07,performance_only,performance,0.3,0.5,sensor_11
F08_S84_M30_O50,84,F08,recurrent,feature,0.3,0.5,sensor_11
F09_S84_M30_O50,84,F09,no_drift,none,0.3,0.5,none
F01_S84_M30_O65,84,F01,abrupt,feature,0.3,0.65,sensor_11
F02_S84_M30_O65,84,F02,gradual,feature,0.3,0.65,sensor_11
F03_S84_M30_O65,84,F03,multi_feature,feature,0.3,0.65,sensor_11
F04_S84_M30_O65,84,F04,concept,residual,0.3,0.65,sensor_11
F05_S84_M30_O65,84,F05,prediction,prediction,0.3,0.65,sensor_11
F06_S84_M30_O65,84,F06,prediction_controlled,prediction,0.3,0.65,sensor_11
F07_S84_M30_O65,84,F07,performance_only,performance,0.3,0.65,sensor_11
F08_S84_M30_O65,84,F08,recurrent,feature,0.3,0.65,sensor_11
F09_S84_M30_O65,84,F09,no_drift,none,0.3,0.65,none
F01_S84_M30_O80,84,F01,abrupt,feature,0.3,0.8,sensor_2
F02_S84_M30_O80,84,F02,gradual,feature,0.3,0.8,sensor_2
F03_S84_M30_O80,84,F03,multi_feature,feature,0.3,0.8,sensor_2
F04_S84_M30_O80,84,F04,concept,residual,0.3,0.8,sensor_2
F05_S84_M30_O80,84,F05,prediction,prediction,0.3,0.8,sensor_2
F06_S84_M30_O80,84,F06,prediction_controlled,prediction,0.3,0.8,sensor_2
F07_S84_M30_O80,84,F07,performance_only,performance,0.3,0.8,sensor_2
F08_S84_M30_O80,84,F08,recurrent,feature,0.3,0.8,sensor_2
F09_S84_M30_O80,84,F09,no_drift,none,0.3,0.8,none
F01_S84_M40_O20,84,F01,abrupt,feature,0.4,0.2,sensor_11
F02_S84_M40_O20,84,F02,gradual,feature,0.4,0.2,sensor_11
F03_S84_M40_O20,84,F03,multi_feature,feature,0.4,0.2,sensor_11
F04_S84_M40_O20,84,F04,concept,residual,0.4,0.2,sensor_11
F05_S84_M40_O20,84,F05,prediction,prediction,0.4,0.2,sensor_11
F06_S84_M40_O20,84,F06,prediction_controlled,prediction,0.4,0.2,sensor_11
F07_S84_M40_O20,84,F07,performance_only,performance,0.4,0.2,sensor_11
F08_S84_M40_O20,84,F08,recurrent,feature,0.4,0.2,sensor_11
F09_S84_M40_O20,84,F09,no_drift,none,0.4,0.2,none
F01_S84_M40_O35,84,F01,abrupt,feature,0.4,0.35,sensor_8
F02_S84_M40_O35,84,F02,gradual,feature,0.4,0.35,sensor_8
F03_S84_M40_O35,84,F03,multi_feature,feature,0.4,0.35,sensor_8
F04_S84_M40_O35,84,F04,concept,residual,0.4,0.35,sensor_8
F05_S84_M40_O35,84,F05,prediction,prediction,0.4,0.35,sensor_8
F06_S84_M40_O35,84,F06,prediction_controlled,prediction,0.4,0.35,sensor_8
F07_S84_M40_O35,84,F07,performance_only,performance,0.4,0.35,sensor_8
F08_S84_M40_O35,84,F08,recurrent,feature,0.4,0.35,sensor_8
F09_S84_M40_O35,84,F09,no_drift,none,0.4,0.35,none
F01_S84_M40_O50,84,F01,abrupt,feature,0.4,0.5,sensor_8
F02_S84_M40_O50,84,F02,gradual,feature,0.4,0.5,sensor_8
F03_S84_M40_O50,84,F03,multi_feature,feature,0.4,0.5,sensor_8
F04_S84_M40_O50,84,F04,concept,residual,0.4,0.5,sensor_8
F05_S84_M40_O50,84,F05,prediction,prediction,0.4,0.5,sensor_8
F06_S84_M40_O50,84,F06,prediction_controlled,prediction,0.4,0.5,sensor_8
F07_S84_M40_O50,84,F07,performance_only,performance,0.4,0.5,sensor_8
F08_S84_M40_O50,84,F08,recurrent,feature,0.4,0.5,sensor_8
F09_S84_M40_O50,84,F09,no_drift,none,0.4,0.5,none
F01_S84_M40_O65,84,F01,abrupt,feature,0.4,0.65,sensor_3
F02_S84_M40_O65,84,F02,gradual,feature,0.4,0.65,sensor_3
F03_S84_M40_O65,84,F03,multi_feature,feature,0.4,0.65,sensor_3
F04_S84_M40_O65,84,F04,concept,residual,0.4,0.65,sensor_3
F05_S84_M40_O65,84,F05,prediction,prediction,0.4,0.65,sensor_3
F06_S84_M40_O65,84,F06,prediction_controlled,prediction,0.4,0.65,sensor_3
F07_S84_M40_O65,84,F07,performance_only,performance,0.4,0.65,sensor_3
F08_S84_M40_O65,84,F08,recurrent,feature,0.4,0.65,sensor_3
F09_S84_M40_O65,84,F09,no_drift,none,0.4,0.65,none
F01_S84_M40_O80,84,F01,abrupt,feature,0.4,0.8,sensor_2
F02_S84_M40_O80,84,F02,gradual,feature,0.4,0.8,sensor_2
F03_S84_M40_O80,84,F03,multi_feature,feature,0.4,0.8,sensor_2
F04_S84_M40_O80,84,F04,concept,residual,0.4,0.8,sensor_2
F05_S84_M40_O80,84,F05,prediction,prediction,0.4,0.8,sensor_2
F06_S84_M40_O80,84,F06,prediction_controlled,prediction,0.4,0.8,sensor_2
F07_S84_M40_O80,84,F07,performance_only,performance,0.4,0.8,sensor_2
F08_S84_M40_O80,84,F08,recurrent,feature,0.4,0.8,sensor_2
F09_S84_M40_O80,84,F09,no_drift,none,0.4,0.8,none
F01_S84_M50_O20,84,F01,abrupt,feature,0.5,0.2,sensor_2
F02_S84_M50_O20,84,F02,gradual,feature,0.5,0.2,sensor_2
F03_S84_M50_O20,84,F03,multi_feature,feature,0.5,0.2,sensor_2
F04_S84_M50_O20,84,F04,concept,residual,0.5,0.2,sensor_2
F05_S84_M50_O20,84,F05,prediction,prediction,0.5,0.2,sensor_2
F06_S84_M50_O20,84,F06,prediction_controlled,prediction,0.5,0.2,sensor_2
F07_S84_M50_O20,84,F07,performance_only,performance,0.5,0.2,sensor_2
F08_S84_M50_O20,84,F08,recurrent,feature,0.5,0.2,sensor_2
F09_S84_M50_O20,84,F09,no_drift,none,0.5,0.2,none
F01_S84_M50_O35,84,F01,abrupt,feature,0.5,0.35,sensor_3
F02_S84_M50_O35,84,F02,gradual,feature,0.5,0.35,sensor_3
F03_S84_M50_O35,84,F03,multi_feature,feature,0.5,0.35,sensor_3
F04_S84_M50_O35,84,F04,concept,residual,0.5,0.35,sensor_3
F05_S84_M50_O35,84,F05,prediction,prediction,0.5,0.35,sensor_3
F06_S84_M50_O35,84,F06,prediction_controlled,prediction,0.5,0.35,sensor_3
F07_S84_M50_O35,84,F07,performance_only,performance,0.5,0.35,sensor_3
F08_S84_M50_O35,84,F08,recurrent,feature,0.5,0.35,sensor_3
F09_S84_M50_O35,84,F09,no_drift,none,0.5,0.35,none
F01_S84_M50_O50,84,F01,abrupt,feature,0.5,0.5,sensor_3
F02_S84_M50_O50,84,F02,gradual,feature,0.5,0.5,sensor_3
F03_S84_M50_O50,84,F03,multi_feature,feature,0.5,0.5,sensor_3
F04_S84_M50_O50,84,F04,concept,residual,0.5,0.5,sensor_3
F05_S84_M50_O50,84,F05,prediction,prediction,0.5,0.5,sensor_3
F06_S84_M50_O50,84,F06,prediction_controlled,prediction,0.5,0.5,sensor_3
F07_S84_M50_O50,84,F07,performance_only,performance,0.5,0.5,sensor_3
F08_S84_M50_O50,84,F08,recurrent,feature,0.5,0.5,sensor_3
F09_S84_M50_O50,84,F09,no_drift,none,0.5,0.5,none
F01_S84_M50_O65,84,F01,abrupt,feature,0.5,0.65,sensor_8
F02_S84_M50_O65,84,F02,gradual,feature,0.5,0.65,sensor_8
F03_S84_M50_O65,84,F03,multi_feature,feature,0.5,0.65,sensor_8
F04_S84_M50_O65,84,F04,concept,residual,0.5,0.65,sensor_8
F05_S84_M50_O65,84,F05,prediction,prediction,0.5,0.65,sensor_8
F06_S84_M50_O65,84,F06,prediction_controlled,prediction,0.5,0.65,sensor_8
F07_S84_M50_O65,84,F07,performance_only,performance,0.5,0.65,sensor_8
F08_S84_M50_O65,84,F08,recurrent,feature,0.5,0.65,sensor_8
F09_S84_M50_O65,84,F09,no_drift,none,0.5,0.65,none
F01_S84_M50_O80,84,F01,abrupt,feature,0.5,0.8,sensor_8
F02_S84_M50_O80,84,F02,gradual,feature,0.5,0.8,sensor_8
F03_S84_M50_O80,84,F03,multi_feature,feature,0.5,0.8,sensor_8
F04_S84_M50_O80,84,F04,concept,residual,0.5,0.8,sensor_8
F05_S84_M50_O80,84,F05,prediction,prediction,0.5,0.8,sensor_8
F06_S84_M50_O80,84,F06,prediction_controlled,prediction,0.5,0.8,sensor_8
F07_S84_M50_O80,84,F07,performance_only,performance,0.5,0.8,sensor_8
F08_S84_M50_O80,84,F08,recurrent,feature,0.5,0.8,sensor_8
F09_S84_M50_O80,84,F09,no_drift,none,0.5,0.8,none
F01_S123_M10_O20,123,F01,abrupt,feature,0.1,0.2,sensor_11
F02_S123_M10_O20,123,F02,gradual,feature,0.1,0.2,sensor_11
F03_S123_M10_O20,123,F03,multi_feature,feature,0.1,0.2,sensor_11
F04_S123_M10_O20,123,F04,concept,residual,0.1,0.2,sensor_11
F05_S123_M10_O20,123,F05,prediction,prediction,0.1,0.2,sensor_11
F06_S123_M10_O20,123,F06,prediction_controlled,prediction,0.1,0.2,sensor_11
F07_S123_M10_O20,123,F07,performance_only,performance,0.1,0.2,sensor_11
F08_S123_M10_O20,123,F08,recurrent,feature,0.1,0.2,sensor_11
F09_S123_M10_O20,123,F09,no_drift,none,0.1,0.2,none
F01_S123_M10_O35,123,F01,abrupt,feature,0.1,0.35,sensor_7
F02_S123_M10_O35,123,F02,gradual,feature,0.1,0.35,sensor_7
F03_S123_M10_O35,123,F03,multi_feature,feature,0.1,0.35,sensor_7
F04_S123_M10_O35,123,F04,concept,residual,0.1,0.35,sensor_7
F05_S123_M10_O35,123,F05,prediction,prediction,0.1,0.35,sensor_7
F06_S123_M10_O35,123,F06,prediction_controlled,prediction,0.1,0.35,sensor_7
F07_S123_M10_O35,123,F07,performance_only,performance,0.1,0.35,sensor_7
F08_S123_M10_O35,123,F08,recurrent,feature,0.1,0.35,sensor_7
F09_S123_M10_O35,123,F09,no_drift,none,0.1,0.35,none
F01_S123_M10_O50,123,F01,abrupt,feature,0.1,0.5,sensor_2
F02_S123_M10_O50,123,F02,gradual,feature,0.1,0.5,sensor_2
F03_S123_M10_O50,123,F03,multi_feature,feature,0.1,0.5,sensor_2
F04_S123_M10_O50,123,F04,concept,residual,0.1,0.5,sensor_2
F05_S123_M10_O50,123,F05,prediction,prediction,0.1,0.5,sensor_2
F06_S123_M10_O50,123,F06,prediction_controlled,prediction,0.1,0.5,sensor_2
F07_S123_M10_O50,123,F07,performance_only,performance,0.1,0.5,sensor_2
F08_S123_M10_O50,123,F08,recurrent,feature,0.1,0.5,sensor_2
F09_S123_M10_O50,123,F09,no_drift,none,0.1,0.5,none
F01_S123_M10_O65,123,F01,abrupt,feature,0.1,0.65,sensor_3
F02_S123_M10_O65,123,F02,gradual,feature,0.1,0.65,sensor_3
F03_S123_M10_O65,123,F03,multi_feature,feature,0.1,0.65,sensor_3
F04_S123_M10_O65,123,F04,concept,residual,0.1,0.65,sensor_3
F05_S123_M10_O65,123,F05,prediction,prediction,0.1,0.65,sensor_3
F06_S123_M10_O65,123,F06,prediction_controlled,prediction,0.1,0.65,sensor_3
F07_S123_M10_O65,123,F07,performance_only,performance,0.1,0.65,sensor_3
F08_S123_M10_O65,123,F08,recurrent,feature,0.1,0.65,sensor_3
F09_S123_M10_O65,123,F09,no_drift,none,0.1,0.65,none
F01_S123_M10_O80,123,F01,abrupt,feature,0.1,0.8,sensor_7
F02_S123_M10_O80,123,F02,gradual,feature,0.1,0.8,sensor_7
F03_S123_M10_O80,123,F03,multi_feature,feature,0.1,0.8,sensor_7
F04_S123_M10_O80,123,F04,concept,residual,0.1,0.8,sensor_7
F05_S123_M10_O80,123,F05,prediction,prediction,0.1,0.8,sensor_7
F06_S123_M10_O80,123,F06,prediction_controlled,prediction,0.1,0.8,sensor_7
F07_S123_M10_O80,123,F07,performance_only,performance,0.1,0.8,sensor_7
F08_S123_M10_O80,123,F08,recurrent,feature,0.1,0.8,sensor_7
F09_S123_M10_O80,123,F09,no_drift,none,0.1,0.8,none
F01_S123_M20_O20,123,F01,abrupt,feature,0.2,0.2,sensor_2
F02_S123_M20_O20,123,F02,gradual,feature,0.2,0.2,sensor_2
F03_S123_M20_O20,123,F03,multi_feature,feature,0.2,0.2,sensor_2
F04_S123_M20_O20,123,F04,concept,residual,0.2,0.2,sensor_2
F05_S123_M20_O20,123,F05,prediction,prediction,0.2,0.2,sensor_2
F06_S123_M20_O20,123,F06,prediction_controlled,prediction,0.2,0.2,sensor_2
F07_S123_M20_O20,123,F07,performance_only,performance,0.2,0.2,sensor_2
F08_S123_M20_O20,123,F08,recurrent,feature,0.2,0.2,sensor_2
F09_S123_M20_O20,123,F09,no_drift,none,0.2,0.2,none
F01_S123_M20_O35,123,F01,abrupt,feature,0.2,0.35,sensor_8
F02_S123_M20_O35,123,F02,gradual,feature,0.2,0.35,sensor_8
F03_S123_M20_O35,123,F03,multi_feature,feature,0.2,0.35,sensor_8
F04_S123_M20_O35,123,F04,concept,residual,0.2,0.35,sensor_8
F05_S123_M20_O35,123,F05,prediction,prediction,0.2,0.35,sensor_8
F06_S123_M20_O35,123,F06,prediction_controlled,prediction,0.2,0.35,sensor_8
F07_S123_M20_O35,123,F07,performance_only,performance,0.2,0.35,sensor_8
F08_S123_M20_O35,123,F08,recurrent,feature,0.2,0.35,sensor_8
F09_S123_M20_O35,123,F09,no_drift,none,0.2,0.35,none
F01_S123_M20_O50,123,F01,abrupt,feature,0.2,0.5,sensor_7
F02_S123_M20_O50,123,F02,gradual,feature,0.2,0.5,sensor_7
F03_S123_M20_O50,123,F03,multi_feature,feature,0.2,0.5,sensor_7
F04_S123_M20_O50,123,F04,concept,residual,0.2,0.5,sensor_7
F05_S123_M20_O50,123,F05,prediction,prediction,0.2,0.5,sensor_7
F06_S123_M20_O50,123,F06,prediction_controlled,prediction,0.2,0.5,sensor_7
F07_S123_M20_O50,123,F07,performance_only,performance,0.2,0.5,sensor_7
F08_S123_M20_O50,123,F08,recurrent,feature,0.2,0.5,sensor_7
F09_S123_M20_O50,123,F09,no_drift,none,0.2,0.5,none
F01_S123_M20_O65,123,F01,abrupt,feature,0.2,0.65,sensor_7
F02_S123_M20_O65,123,F02,gradual,feature,0.2,0.65,sensor_7
F03_S123_M20_O65,123,F03,multi_feature,feature,0.2,0.65,sensor_7
F04_S123_M20_O65,123,F04,concept,residual,0.2,0.65,sensor_7
F05_S123_M20_O65,123,F05,prediction,prediction,0.2,0.65,sensor_7
F06_S123_M20_O65,123,F06,prediction_controlled,prediction,0.2,0.65,sensor_7
F07_S123_M20_O65,123,F07,performance_only,performance,0.2,0.65,sensor_7
F08_S123_M20_O65,123,F08,recurrent,feature,0.2,0.65,sensor_7
F09_S123_M20_O65,123,F09,no_drift,none,0.2,0.65,none
F01_S123_M20_O80,123,F01,abrupt,feature,0.2,0.8,sensor_8
F02_S123_M20_O80,123,F02,gradual,feature,0.2,0.8,sensor_8
F03_S123_M20_O80,123,F03,multi_feature,feature,0.2,0.8,sensor_8
F04_S123_M20_O80,123,F04,concept,residual,0.2,0.8,sensor_8
F05_S123_M20_O80,123,F05,prediction,prediction,0.2,0.8,sensor_8
F06_S123_M20_O80,123,F06,prediction_controlled,prediction,0.2,0.8,sensor_8
F07_S123_M20_O80,123,F07,performance_only,performance,0.2,0.8,sensor_8
F08_S123_M20_O80,123,F08,recurrent,feature,0.2,0.8,sensor_8
F09_S123_M20_O80,123,F09,no_drift,none,0.2,0.8,none
F01_S123_M30_O20,123,F01,abrupt,feature,0.3,0.2,sensor_2
F02_S123_M30_O20,123,F02,gradual,feature,0.3,0.2,sensor_2
F03_S123_M30_O20,123,F03,multi_feature,feature,0.3,0.2,sensor_2
F04_S123_M30_O20,123,F04,concept,residual,0.3,0.2,sensor_2
F05_S123_M30_O20,123,F05,prediction,prediction,0.3,0.2,sensor_2
F06_S123_M30_O20,123,F06,prediction_controlled,prediction,0.3,0.2,sensor_2
F07_S123_M30_O20,123,F07,performance_only,performance,0.3,0.2,sensor_2
F08_S123_M30_O20,123,F08,recurrent,feature,0.3,0.2,sensor_2
F09_S123_M30_O20,123,F09,no_drift,none,0.3,0.2,none
F01_S123_M30_O35,123,F01,abrupt,feature,0.3,0.35,sensor_3
F02_S123_M30_O35,123,F02,gradual,feature,0.3,0.35,sensor_3
F03_S123_M30_O35,123,F03,multi_feature,feature,0.3,0.35,sensor_3
F04_S123_M30_O35,123,F04,concept,residual,0.3,0.35,sensor_3
F05_S123_M30_O35,123,F05,prediction,prediction,0.3,0.35,sensor_3
F06_S123_M30_O35,123,F06,prediction_controlled,prediction,0.3,0.35,sensor_3
F07_S123_M30_O35,123,F07,performance_only,performance,0.3,0.35,sensor_3
F08_S123_M30_O35,123,F08,recurrent,feature,0.3,0.35,sensor_3
F09_S123_M30_O35,123,F09,no_drift,none,0.3,0.35,none
F01_S123_M30_O50,123,F01,abrupt,feature,0.3,0.5,sensor_3
F02_S123_M30_O50,123,F02,gradual,feature,0.3,0.5,sensor_3
F03_S123_M30_O50,123,F03,multi_feature,feature,0.3,0.5,sensor_3
F04_S123_M30_O50,123,F04,concept,residual,0.3,0.5,sensor_3
F05_S123_M30_O50,123,F05,prediction,prediction,0.3,0.5,sensor_3
F06_S123_M30_O50,123,F06,prediction_controlled,prediction,0.3,0.5,sensor_3
F07_S123_M30_O50,123,F07,performance_only,performance,0.3,0.5,sensor_3
F08_S123_M30_O50,123,F08,recurrent,feature,0.3,0.5,sensor_3
F09_S123_M30_O50,123,F09,no_drift,none,0.3,0.5,none
F01_S123_M30_O65,123,F01,abrupt,feature,0.3,0.65,sensor_11
F02_S123_M30_O65,123,F02,gradual,feature,0.3,0.65,sensor_11
F03_S123_M30_O65,123,F03,multi_feature,feature,0.3,0.65,sensor_11
F04_S123_M30_O65,123,F04,concept,residual,0.3,0.65,sensor_11
F05_S123_M30_O65,123,F05,prediction,prediction,0.3,0.65,sensor_11
F06_S123_M30_O65,123,F06,prediction_controlled,prediction,0.3,0.65,sensor_11
F07_S123_M30_O65,123,F07,performance_only,performance,0.3,0.65,sensor_11
F08_S123_M30_O65,123,F08,recurrent,feature,0.3,0.65,sensor_11
F09_S123_M30_O65,123,F09,no_drift,none,0.3,0.65,none
F01_S123_M30_O80,123,F01,abrupt,feature,0.3,0.8,sensor_3
F02_S123_M30_O80,123,F02,gradual,feature,0.3,0.8,sensor_3
F03_S123_M30_O80,123,F03,multi_feature,feature,0.3,0.8,sensor_3
F04_S123_M30_O80,123,F04,concept,residual,0.3,0.8,sensor_3
F05_S123_M30_O80,123,F05,prediction,prediction,0.3,0.8,sensor_3
F06_S123_M30_O80,123,F06,prediction_controlled,prediction,0.3,0.8,sensor_3
F07_S123_M30_O80,123,F07,performance_only,performance,0.3,0.8,sensor_3
F08_S123_M30_O80,123,F08,recurrent,feature,0.3,0.8,sensor_3
F09_S123_M30_O80,123,F09,no_drift,none,0.3,0.8,none
F01_S123_M40_O20,123,F01,abrupt,feature,0.4,0.2,sensor_8
F02_S123_M40_O20,123,F02,gradual,feature,0.4,0.2,sensor_8
F03_S123_M40_O20,123,F03,multi_feature,feature,0.4,0.2,sensor_8
F04_S123_M40_O20,123,F04,concept,residual,0.4,0.2,sensor_8
F05_S123_M40_O20,123,F05,prediction,prediction,0.4,0.2,sensor_8
F06_S123_M40_O20,123,F06,prediction_controlled,prediction,0.4,0.2,sensor_8
F07_S123_M40_O20,123,F07,performance_only,performance,0.4,0.2,sensor_8
F08_S123_M40_O20,123,F08,recurrent,feature,0.4,0.2,sensor_8
F09_S123_M40_O20,123,F09,no_drift,none,0.4,0.2,none
F01_S123_M40_O35,123,F01,abrupt,feature,0.4,0.35,sensor_7
F02_S123_M40_O35,123,F02,gradual,feature,0.4,0.35,sensor_7
F03_S123_M40_O35,123,F03,multi_feature,feature,0.4,0.35,sensor_7
F04_S123_M40_O35,123,F04,concept,residual,0.4,0.35,sensor_7
F05_S123_M40_O35,123,F05,prediction,prediction,0.4,0.35,sensor_7
F06_S123_M40_O35,123,F06,prediction_controlled,prediction,0.4,0.35,sensor_7
F07_S123_M40_O35,123,F07,performance_only,performance,0.4,0.35,sensor_7
F08_S123_M40_O35,123,F08,recurrent,feature,0.4,0.35,sensor_7
F09_S123_M40_O35,123,F09,no_drift,none,0.4,0.35,none
F01_S123_M40_O50,123,F01,abrupt,feature,0.4,0.5,sensor_8
F02_S123_M40_O50,123,F02,gradual,feature,0.4,0.5,sensor_8
F03_S123_M40_O50,123,F03,multi_feature,feature,0.4,0.5,sensor_8
F04_S123_M40_O50,123,F04,concept,residual,0.4,0.5,sensor_8
F05_S123_M40_O50,123,F05,prediction,prediction,0.4,0.5,sensor_8
F06_S123_M40_O50,123,F06,prediction_controlled,prediction,0.4,0.5,sensor_8
F07_S123_M40_O50,123,F07,performance_only,performance,0.4,0.5,sensor_8
F08_S123_M40_O50,123,F08,recurrent,feature,0.4,0.5,sensor_8
F09_S123_M40_O50,123,F09,no_drift,none,0.4,0.5,none
F01_S123_M40_O65,123,F01,abrupt,feature,0.4,0.65,sensor_2
F02_S123_M40_O65,123,F02,gradual,feature,0.4,0.65,sensor_2
F03_S123_M40_O65,123,F03,multi_feature,feature,0.4,0.65,sensor_2
F04_S123_M40_O65,123,F04,concept,residual,0.4,0.65,sensor_2
F05_S123_M40_O65,123,F05,prediction,prediction,0.4,0.65,sensor_2
F06_S123_M40_O65,123,F06,prediction_controlled,prediction,0.4,0.65,sensor_2
F07_S123_M40_O65,123,F07,performance_only,performance,0.4,0.65,sensor_2
F08_S123_M40_O65,123,F08,recurrent,feature,0.4,0.65,sensor_2
F09_S123_M40_O65,123,F09,no_drift,none,0.4,0.65,none
F01_S123_M40_O80,123,F01,abrupt,feature,0.4,0.8,sensor_2
F02_S123_M40_O80,123,F02,gradual,feature,0.4,0.8,sensor_2
F03_S123_M40_O80,123,F03,multi_feature,feature,0.4,0.8,sensor_2
F04_S123_M40_O80,123,F04,concept,residual,0.4,0.8,sensor_2
F05_S123_M40_O80,123,F05,prediction,prediction,0.4,0.8,sensor_2
F06_S123_M40_O80,123,F06,prediction_controlled,prediction,0.4,0.8,sensor_2
F07_S123_M40_O80,123,F07,performance_only,performance,0.4,0.8,sensor_2
F08_S123_M40_O80,123,F08,recurrent,feature,0.4,0.8,sensor_2
F09_S123_M40_O80,123,F09,no_drift,none,0.4,0.8,none
F01_S123_M50_O20,123,F01,abrupt,feature,0.5,0.2,sensor_7
F02_S123_M50_O20,123,F02,gradual,feature,0.5,0.2,sensor_7
F03_S123_M50_O20,123,F03,multi_feature,feature,0.5,0.2,sensor_7
F04_S123_M50_O20,123,F04,concept,residual,0.5,0.2,sensor_7
F05_S123_M50_O20,123,F05,prediction,prediction,0.5,0.2,sensor_7
F06_S123_M50_O20,123,F06,prediction_controlled,prediction,0.5,0.2,sensor_7
F07_S123_M50_O20,123,F07,performance_only,performance,0.5,0.2,sensor_7
F08_S123_M50_O20,123,F08,recurrent,feature,0.5,0.2,sensor_7
F09_S123_M50_O20,123,F09,no_drift,none,0.5,0.2,none
F01_S123_M50_O35,123,F01,abrupt,feature,0.5,0.35,sensor_7
F02_S123_M50_O35,123,F02,gradual,feature,0.5,0.35,sensor_7
F03_S123_M50_O35,123,F03,multi_feature,feature,0.5,0.35,sensor_7
F04_S123_M50_O35,123,F04,concept,residual,0.5,0.35,sensor_7
F05_S123_M50_O35,123,F05,prediction,prediction,0.5,0.35,sensor_7
F06_S123_M50_O35,123,F06,prediction_controlled,prediction,0.5,0.35,sensor_7
F07_S123_M50_O35,123,F07,performance_only,performance,0.5,0.35,sensor_7
F08_S123_M50_O35,123,F08,recurrent,feature,0.5,0.35,sensor_7
F09_S123_M50_O35,123,F09,no_drift,none,0.5,0.35,none
F01_S123_M50_O50,123,F01,abrupt,feature,0.5,0.5,sensor_11
F02_S123_M50_O50,123,F02,gradual,feature,0.5,0.5,sensor_11
F03_S123_M50_O50,123,F03,multi_feature,feature,0.5,0.5,sensor_11
F04_S123_M50_O50,123,F04,concept,residual,0.5,0.5,sensor_11
F05_S123_M50_O50,123,F05,prediction,prediction,0.5,0.5,sensor_11
F06_S123_M50_O50,123,F06,prediction_controlled,prediction,0.5,0.5,sensor_11
F07_S123_M50_O50,123,F07,performance_only,performance,0.5,0.5,sensor_11
F08_S123_M50_O50,123,F08,recurrent,feature,0.5,0.5,sensor_11
F09_S123_M50_O50,123,F09,no_drift,none,0.5,0.5,none
F01_S123_M50_O65,123,F01,abrupt,feature,0.5,0.65,sensor_2
F02_S123_M50_O65,123,F02,gradual,feature,0.5,0.65,sensor_2
F03_S123_M50_O65,123,F03,multi_feature,feature,0.5,0.65,sensor_2
F04_S123_M50_O65,123,F04,concept,residual,0.5,0.65,sensor_2
F05_S123_M50_O65,123,F05,prediction,prediction,0.5,0.65,sensor_2
F06_S123_M50_O65,123,F06,prediction_controlled,prediction,0.5,0.65,sensor_2
F07_S123_M50_O65,123,F07,performance_only,performance,0.5,0.65,sensor_2
F08_S123_M50_O65,123,F08,recurrent,feature,0.5,0.65,sensor_2
F09_S123_M50_O65,123,F09,no_drift,none,0.5,0.65,none
F01_S123_M50_O80,123,F01,abrupt,feature,0.5,0.8,sensor_11
F02_S123_M50_O80,123,F02,gradual,feature,0.5,0.8,sensor_11
F03_S123_M50_O80,123,F03,multi_feature,feature,0.5,0.8,sensor_11
F04_S123_M50_O80,123,F04,concept,residual,0.5,0.8,sensor_11
F05_S123_M50_O80,123,F05,prediction,prediction,0.5,0.8,sensor_11
F06_S123_M50_O80,123,F06,prediction_controlled,prediction,0.5,0.8,sensor_11
F07_S123_M50_O80,123,F07,performance_only,performance,0.5,0.8,sensor_11
F08_S123_M50_O80,123,F08,recurrent,feature,0.5,0.8,sensor_11
F09_S123_M50_O80,123,F09,no_drift,none,0.5,0.8,none
F01_S156_M10_O20,156,F01,abrupt,feature,0.1,0.2,sensor_8
F02_S156_M10_O20,156,F02,gradual,feature,0.1,0.2,sensor_8
F03_S156_M10_O20,156,F03,multi_feature,feature,0.1,0.2,sensor_8
F04_S156_M10_O20,156,F04,concept,residual,0.1,0.2,sensor_8
F05_S156_M10_O20,156,F05,prediction,prediction,0.1,0.2,sensor_8
F06_S156_M10_O20,156,F06,prediction_controlled,prediction,0.1,0.2,sensor_8
F07_S156_M10_O20,156,F07,performance_only,performance,0.1,0.2,sensor_8
F08_S156_M10_O20,156,F08,recurrent,feature,0.1,0.2,sensor_8
F09_S156_M10_O20,156,F09,no_drift,none,0.1,0.2,none
F01_S156_M10_O35,156,F01,abrupt,feature,0.1,0.35,sensor_2
F02_S156_M10_O35,156,F02,gradual,feature,0.1,0.35,sensor_2
F03_S156_M10_O35,156,F03,multi_feature,feature,0.1,0.35,sensor_2
F04_S156_M10_O35,156,F04,concept,residual,0.1,0.35,sensor_2
F05_S156_M10_O35,156,F05,prediction,prediction,0.1,0.35,sensor_2
F06_S156_M10_O35,156,F06,prediction_controlled,prediction,0.1,0.35,sensor_2
F07_S156_M10_O35,156,F07,performance_only,performance,0.1,0.35,sensor_2
F08_S156_M10_O35,156,F08,recurrent,feature,0.1,0.35,sensor_2
F09_S156_M10_O35,156,F09,no_drift,none,0.1,0.35,none
F01_S156_M10_O50,156,F01,abrupt,feature,0.1,0.5,sensor_11
F02_S156_M10_O50,156,F02,gradual,feature,0.1,0.5,sensor_11
F03_S156_M10_O50,156,F03,multi_feature,feature,0.1,0.5,sensor_11
F04_S156_M10_O50,156,F04,concept,residual,0.1,0.5,sensor_11
F05_S156_M10_O50,156,F05,prediction,prediction,0.1,0.5,sensor_11
F06_S156_M10_O50,156,F06,prediction_controlled,prediction,0.1,0.5,sensor_11
F07_S156_M10_O50,156,F07,performance_only,performance,0.1,0.5,sensor_11
F08_S156_M10_O50,156,F08,recurrent,feature,0.1,0.5,sensor_11
F09_S156_M10_O50,156,F09,no_drift,none,0.1,0.5,none
F01_S156_M10_O65,156,F01,abrupt,feature,0.1,0.65,sensor_3
F02_S156_M10_O65,156,F02,gradual,feature,0.1,0.65,sensor_3
F03_S156_M10_O65,156,F03,multi_feature,feature,0.1,0.65,sensor_3
F04_S156_M10_O65,156,F04,concept,residual,0.1,0.65,sensor_3
F05_S156_M10_O65,156,F05,prediction,prediction,0.1,0.65,sensor_3
F06_S156_M10_O65,156,F06,prediction_controlled,prediction,0.1,0.65,sensor_3
F07_S156_M10_O65,156,F07,performance_only,performance,0.1,0.65,sensor_3
F08_S156_M10_O65,156,F08,recurrent,feature,0.1,0.65,sensor_3
F09_S156_M10_O65,156,F09,no_drift,none,0.1,0.65,none
F01_S156_M10_O80,156,F01,abrupt,feature,0.1,0.8,sensor_3
F02_S156_M10_O80,156,F02,gradual,feature,0.1,0.8,sensor_3
F03_S156_M10_O80,156,F03,multi_feature,feature,0.1,0.8,sensor_3
F04_S156_M10_O80,156,F04,concept,residual,0.1,0.8,sensor_3
F05_S156_M10_O80,156,F05,prediction,prediction,0.1,0.8,sensor_3
F06_S156_M10_O80,156,F06,prediction_controlled,prediction,0.1,0.8,sensor_3
F07_S156_M10_O80,156,F07,performance_only,performance,0.1,0.8,sensor_3
F08_S156_M10_O80,156,F08,recurrent,feature,0.1,0.8,sensor_3
F09_S156_M10_O80,156,F09,no_drift,none,0.1,0.8,none
F01_S156_M20_O20,156,F01,abrupt,feature,0.2,0.2,sensor_3
F02_S156_M20_O20,156,F02,gradual,feature,0.2,0.2,sensor_3
F03_S156_M20_O20,156,F03,multi_feature,feature,0.2,0.2,sensor_3
F04_S156_M20_O20,156,F04,concept,residual,0.2,0.2,sensor_3
F05_S156_M20_O20,156,F05,prediction,prediction,0.2,0.2,sensor_3
F06_S156_M20_O20,156,F06,prediction_controlled,prediction,0.2,0.2,sensor_3
F07_S156_M20_O20,156,F07,performance_only,performance,0.2,0.2,sensor_3
F08_S156_M20_O20,156,F08,recurrent,feature,0.2,0.2,sensor_3
F09_S156_M20_O20,156,F09,no_drift,none,0.2,0.2,none
F01_S156_M20_O35,156,F01,abrupt,feature,0.2,0.35,sensor_2
F02_S156_M20_O35,156,F02,gradual,feature,0.2,0.35,sensor_2
F03_S156_M20_O35,156,F03,multi_feature,feature,0.2,0.35,sensor_2
F04_S156_M20_O35,156,F04,concept,residual,0.2,0.35,sensor_2
F05_S156_M20_O35,156,F05,prediction,prediction,0.2,0.35,sensor_2
F06_S156_M20_O35,156,F06,prediction_controlled,prediction,0.2,0.35,sensor_2
F07_S156_M20_O35,156,F07,performance_only,performance,0.2,0.35,sensor_2
F08_S156_M20_O35,156,F08,recurrent,feature,0.2,0.35,sensor_2
F09_S156_M20_O35,156,F09,no_drift,none,0.2,0.35,none
F01_S156_M20_O50,156,F01,abrupt,feature,0.2,0.5,sensor_11
F02_S156_M20_O50,156,F02,gradual,feature,0.2,0.5,sensor_11
F03_S156_M20_O50,156,F03,multi_feature,feature,0.2,0.5,sensor_11
F04_S156_M20_O50,156,F04,concept,residual,0.2,0.5,sensor_11
F05_S156_M20_O50,156,F05,prediction,prediction,0.2,0.5,sensor_11
F06_S156_M20_O50,156,F06,prediction_controlled,prediction,0.2,0.5,sensor_11
F07_S156_M20_O50,156,F07,performance_only,performance,0.2,0.5,sensor_11
F08_S156_M20_O50,156,F08,recurrent,feature,0.2,0.5,sensor_11
F09_S156_M20_O50,156,F09,no_drift,none,0.2,0.5,none
F01_S156_M20_O65,156,F01,abrupt,feature,0.2,0.65,sensor_2
F02_S156_M20_O65,156,F02,gradual,feature,0.2,0.65,sensor_2
F03_S156_M20_O65,156,F03,multi_feature,feature,0.2,0.65,sensor_2
F04_S156_M20_O65,156,F04,concept,residual,0.2,0.65,sensor_2
F05_S156_M20_O65,156,F05,prediction,prediction,0.2,0.65,sensor_2
F06_S156_M20_O65,156,F06,prediction_controlled,prediction,0.2,0.65,sensor_2
F07_S156_M20_O65,156,F07,performance_only,performance,0.2,0.65,sensor_2
F08_S156_M20_O65,156,F08,recurrent,feature,0.2,0.65,sensor_2
F09_S156_M20_O65,156,F09,no_drift,none,0.2,0.65,none
F01_S156_M20_O80,156,F01,abrupt,feature,0.2,0.8,sensor_11
F02_S156_M20_O80,156,F02,gradual,feature,0.2,0.8,sensor_11
F03_S156_M20_O80,156,F03,multi_feature,feature,0.2,0.8,sensor_11
F04_S156_M20_O80,156,F04,concept,residual,0.2,0.8,sensor_11
F05_S156_M20_O80,156,F05,prediction,prediction,0.2,0.8,sensor_11
F06_S156_M20_O80,156,F06,prediction_controlled,prediction,0.2,0.8,sensor_11
F07_S156_M20_O80,156,F07,performance_only,performance,0.2,0.8,sensor_11
F08_S156_M20_O80,156,F08,recurrent,feature,0.2,0.8,sensor_11
F09_S156_M20_O80,156,F09,no_drift,none,0.2,0.8,none
F01_S156_M30_O20,156,F01,abrupt,feature,0.3,0.2,sensor_8
F02_S156_M30_O20,156,F02,gradual,feature,0.3,0.2,sensor_8
F03_S156_M30_O20,156,F03,multi_feature,feature,0.3,0.2,sensor_8
F04_S156_M30_O20,156,F04,concept,residual,0.3,0.2,sensor_8
F05_S156_M30_O20,156,F05,prediction,prediction,0.3,0.2,sensor_8
F06_S156_M30_O20,156,F06,prediction_controlled,prediction,0.3,0.2,sensor_8
F07_S156_M30_O20,156,F07,performance_only,performance,0.3,0.2,sensor_8
F08_S156_M30_O20,156,F08,recurrent,feature,0.3,0.2,sensor_8
F09_S156_M30_O20,156,F09,no_drift,none,0.3,0.2,none
F01_S156_M30_O35,156,F01,abrupt,feature,0.3,0.35,sensor_3
F02_S156_M30_O35,156,F02,gradual,feature,0.3,0.35,sensor_3
F03_S156_M30_O35,156,F03,multi_feature,feature,0.3,0.35,sensor_3
F04_S156_M30_O35,156,F04,concept,residual,0.3,0.35,sensor_3
F05_S156_M30_O35,156,F05,prediction,prediction,0.3,0.35,sensor_3
F06_S156_M30_O35,156,F06,prediction_controlled,prediction,0.3,0.35,sensor_3
F07_S156_M30_O35,156,F07,performance_only,performance,0.3,0.35,sensor_3
F08_S156_M30_O35,156,F08,recurrent,feature,0.3,0.35,sensor_3
F09_S156_M30_O35,156,F09,no_drift,none,0.3,0.35,none
F01_S156_M30_O50,156,F01,abrupt,feature,0.3,0.5,sensor_7
F02_S156_M30_O50,156,F02,gradual,feature,0.3,0.5,sensor_7
F03_S156_M30_O50,156,F03,multi_feature,feature,0.3,0.5,sensor_7
F04_S156_M30_O50,156,F04,concept,residual,0.3,0.5,sensor_7
F05_S156_M30_O50,156,F05,prediction,prediction,0.3,0.5,sensor_7
F06_S156_M30_O50,156,F06,prediction_controlled,prediction,0.3,0.5,sensor_7
F07_S156_M30_O50,156,F07,performance_only,performance,0.3,0.5,sensor_7
F08_S156_M30_O50,156,F08,recurrent,feature,0.3,0.5,sensor_7
F09_S156_M30_O50,156,F09,no_drift,none,0.3,0.5,none
F01_S156_M30_O65,156,F01,abrupt,feature,0.3,0.65,sensor_2
F02_S156_M30_O65,156,F02,gradual,feature,0.3,0.65,sensor_2
F03_S156_M30_O65,156,F03,multi_feature,feature,0.3,0.65,sensor_2
F04_S156_M30_O65,156,F04,concept,residual,0.3,0.65,sensor_2
F05_S156_M30_O65,156,F05,prediction,prediction,0.3,0.65,sensor_2
F06_S156_M30_O65,156,F06,prediction_controlled,prediction,0.3,0.65,sensor_2
F07_S156_M30_O65,156,F07,performance_only,performance,0.3,0.65,sensor_2
F08_S156_M30_O65,156,F08,recurrent,feature,0.3,0.65,sensor_2
F09_S156_M30_O65,156,F09,no_drift,none,0.3,0.65,none
F01_S156_M30_O80,156,F01,abrupt,feature,0.3,0.8,sensor_11
F02_S156_M30_O80,156,F02,gradual,feature,0.3,0.8,sensor_11
F03_S156_M30_O80,156,F03,multi_feature,feature,0.3,0.8,sensor_11
F04_S156_M30_O80,156,F04,concept,residual,0.3,0.8,sensor_11
F05_S156_M30_O80,156,F05,prediction,prediction,0.3,0.8,sensor_11
F06_S156_M30_O80,156,F06,prediction_controlled,prediction,0.3,0.8,sensor_11
F07_S156_M30_O80,156,F07,performance_only,performance,0.3,0.8,sensor_11
F08_S156_M30_O80,156,F08,recurrent,feature,0.3,0.8,sensor_11
F09_S156_M30_O80,156,F09,no_drift,none,0.3,0.8,none
F01_S156_M40_O20,156,F01,abrupt,feature,0.4,0.2,sensor_2
F02_S156_M40_O20,156,F02,gradual,feature,0.4,0.2,sensor_2
F03_S156_M40_O20,156,F03,multi_feature,feature,0.4,0.2,sensor_2
F04_S156_M40_O20,156,F04,concept,residual,0.4,0.2,sensor_2
F05_S156_M40_O20,156,F05,prediction,prediction,0.4,0.2,sensor_2
F06_S156_M40_O20,156,F06,prediction_controlled,prediction,0.4,0.2,sensor_2
F07_S156_M40_O20,156,F07,performance_only,performance,0.4,0.2,sensor_2
F08_S156_M40_O20,156,F08,recurrent,feature,0.4,0.2,sensor_2
F09_S156_M40_O20,156,F09,no_drift,none,0.4,0.2,none
F01_S156_M40_O35,156,F01,abrupt,feature,0.4,0.35,sensor_2
F02_S156_M40_O35,156,F02,gradual,feature,0.4,0.35,sensor_2
F03_S156_M40_O35,156,F03,multi_feature,feature,0.4,0.35,sensor_2
F04_S156_M40_O35,156,F04,concept,residual,0.4,0.35,sensor_2
F05_S156_M40_O35,156,F05,prediction,prediction,0.4,0.35,sensor_2
F06_S156_M40_O35,156,F06,prediction_controlled,prediction,0.4,0.35,sensor_2
F07_S156_M40_O35,156,F07,performance_only,performance,0.4,0.35,sensor_2
F08_S156_M40_O35,156,F08,recurrent,feature,0.4,0.35,sensor_2
F09_S156_M40_O35,156,F09,no_drift,none,0.4,0.35,none
F01_S156_M40_O50,156,F01,abrupt,feature,0.4,0.5,sensor_8
F02_S156_M40_O50,156,F02,gradual,feature,0.4,0.5,sensor_8
F03_S156_M40_O50,156,F03,multi_feature,feature,0.4,0.5,sensor_8
F04_S156_M40_O50,156,F04,concept,residual,0.4,0.5,sensor_8
F05_S156_M40_O50,156,F05,prediction,prediction,0.4,0.5,sensor_8
F06_S156_M40_O50,156,F06,prediction_controlled,prediction,0.4,0.5,sensor_8
F07_S156_M40_O50,156,F07,performance_only,performance,0.4,0.5,sensor_8
F08_S156_M40_O50,156,F08,recurrent,feature,0.4,0.5,sensor_8
F09_S156_M40_O50,156,F09,no_drift,none,0.4,0.5,none
F01_S156_M40_O65,156,F01,abrupt,feature,0.4,0.65,sensor_3
F02_S156_M40_O65,156,F02,gradual,feature,0.4,0.65,sensor_3
F03_S156_M40_O65,156,F03,multi_feature,feature,0.4,0.65,sensor_3
F04_S156_M40_O65,156,F04,concept,residual,0.4,0.65,sensor_3
F05_S156_M40_O65,156,F05,prediction,prediction,0.4,0.65,sensor_3
F06_S156_M40_O65,156,F06,prediction_controlled,prediction,0.4,0.65,sensor_3
F07_S156_M40_O65,156,F07,performance_only,performance,0.4,0.65,sensor_3
F08_S156_M40_O65,156,F08,recurrent,feature,0.4,0.65,sensor_3
F09_S156_M40_O65,156,F09,no_drift,none,0.4,0.65,none
F01_S156_M40_O80,156,F01,abrupt,feature,0.4,0.8,sensor_2
F02_S156_M40_O80,156,F02,gradual,feature,0.4,0.8,sensor_2
F03_S156_M40_O80,156,F03,multi_feature,feature,0.4,0.8,sensor_2
F04_S156_M40_O80,156,F04,concept,residual,0.4,0.8,sensor_2
F05_S156_M40_O80,156,F05,prediction,prediction,0.4,0.8,sensor_2
F06_S156_M40_O80,156,F06,prediction_controlled,prediction,0.4,0.8,sensor_2
F07_S156_M40_O80,156,F07,performance_only,performance,0.4,0.8,sensor_2
F08_S156_M40_O80,156,F08,recurrent,feature,0.4,0.8,sensor_2
F09_S156_M40_O80,156,F09,no_drift,none,0.4,0.8,none
F01_S156_M50_O20,156,F01,abrupt,feature,0.5,0.2,sensor_2
F02_S156_M50_O20,156,F02,gradual,feature,0.5,0.2,sensor_2
F03_S156_M50_O20,156,F03,multi_feature,feature,0.5,0.2,sensor_2
F04_S156_M50_O20,156,F04,concept,residual,0.5,0.2,sensor_2
F05_S156_M50_O20,156,F05,prediction,prediction,0.5,0.2,sensor_2
F06_S156_M50_O20,156,F06,prediction_controlled,prediction,0.5,0.2,sensor_2
F07_S156_M50_O20,156,F07,performance_only,performance,0.5,0.2,sensor_2
F08_S156_M50_O20,156,F08,recurrent,feature,0.5,0.2,sensor_2
F09_S156_M50_O20,156,F09,no_drift,none,0.5,0.2,none
F01_S156_M50_O35,156,F01,abrupt,feature,0.5,0.35,sensor_3
F02_S156_M50_O35,156,F02,gradual,feature,0.5,0.35,sensor_3
F03_S156_M50_O35,156,F03,multi_feature,feature,0.5,0.35,sensor_3
F04_S156_M50_O35,156,F04,concept,residual,0.5,0.35,sensor_3
F05_S156_M50_O35,156,F05,prediction,prediction,0.5,0.35,sensor_3
F06_S156_M50_O35,156,F06,prediction_controlled,prediction,0.5,0.35,sensor_3
F07_S156_M50_O35,156,F07,performance_only,performance,0.5,0.35,sensor_3
F08_S156_M50_O35,156,F08,recurrent,feature,0.5,0.35,sensor_3
F09_S156_M50_O35,156,F09,no_drift,none,0.5,0.35,none
F01_S156_M50_O50,156,F01,abrupt,feature,0.5,0.5,sensor_11
F02_S156_M50_O50,156,F02,gradual,feature,0.5,0.5,sensor_11
F03_S156_M50_O50,156,F03,multi_feature,feature,0.5,0.5,sensor_11
F04_S156_M50_O50,156,F04,concept,residual,0.5,0.5,sensor_11
F05_S156_M50_O50,156,F05,prediction,prediction,0.5,0.5,sensor_11
F06_S156_M50_O50,156,F06,prediction_controlled,prediction,0.5,0.5,sensor_11
F07_S156_M50_O50,156,F07,performance_only,performance,0.5,0.5,sensor_11
F08_S156_M50_O50,156,F08,recurrent,feature,0.5,0.5,sensor_11
F09_S156_M50_O50,156,F09,no_drift,none,0.5,0.5,none
F01_S156_M50_O65,156,F01,abrupt,feature,0.5,0.65,sensor_7
F02_S156_M50_O65,156,F02,gradual,feature,0.5,0.65,sensor_7
F03_S156_M50_O65,156,F03,multi_feature,feature,0.5,0.65,sensor_7
F04_S156_M50_O65,156,F04,concept,residual,0.5,0.65,sensor_7
F05_S156_M50_O65,156,F05,prediction,prediction,0.5,0.65,sensor_7
F06_S156_M50_O65,156,F06,prediction_controlled,prediction,0.5,0.65,sensor_7
F07_S156_M50_O65,156,F07,performance_only,performance,0.5,0.65,sensor_7
F08_S156_M50_O65,156,F08,recurrent,feature,0.5,0.65,sensor_7
F09_S156_M50_O65,156,F09,no_drift,none,0.5,0.65,none
F01_S156_M50_O80,156,F01,abrupt,feature,0.5,0.8,sensor_3
F02_S156_M50_O80,156,F02,gradual,feature,0.5,0.8,sensor_3
F03_S156_M50_O80,156,F03,multi_feature,feature,0.5,0.8,sensor_3
F04_S156_M50_O80,156,F04,concept,residual,0.5,0.8,sensor_3
F05_S156_M50_O80,156,F05,prediction,prediction,0.5,0.8,sensor_3
F06_S156_M50_O80,156,F06,prediction_controlled,prediction,0.5,0.8,sensor_3
F07_S156_M50_O80,156,F07,performance_only,performance,0.5,0.8,sensor_3
F08_S156_M50_O80,156,F08,recurrent,feature,0.5,0.8,sensor_3
F09_S156_M50_O80,156,F09,no_drift,none,0.5,0.8,none
F01_S201_M10_O20,201,F01,abrupt,feature,0.1,0.2,sensor_3
F02_S201_M10_O20,201,F02,gradual,feature,0.1,0.2,sensor_3
F03_S201_M10_O20,201,F03,multi_feature,feature,0.1,0.2,sensor_3
F04_S201_M10_O20,201,F04,concept,residual,0.1,0.2,sensor_3
F05_S201_M10_O20,201,F05,prediction,prediction,0.1,0.2,sensor_3
F06_S201_M10_O20,201,F06,prediction_controlled,prediction,0.1,0.2,sensor_3
F07_S201_M10_O20,201,F07,performance_only,performance,0.1,0.2,sensor_3
F08_S201_M10_O20,201,F08,recurrent,feature,0.1,0.2,sensor_3
F09_S201_M10_O20,201,F09,no_drift,none,0.1,0.2,none
F01_S201_M10_O35,201,F01,abrupt,feature,0.1,0.35,sensor_3
F02_S201_M10_O35,201,F02,gradual,feature,0.1,0.35,sensor_3
F03_S201_M10_O35,201,F03,multi_feature,feature,0.1,0.35,sensor_3
F04_S201_M10_O35,201,F04,concept,residual,0.1,0.35,sensor_3
F05_S201_M10_O35,201,F05,prediction,prediction,0.1,0.35,sensor_3
F06_S201_M10_O35,201,F06,prediction_controlled,prediction,0.1,0.35,sensor_3
F07_S201_M10_O35,201,F07,performance_only,performance,0.1,0.35,sensor_3
F08_S201_M10_O35,201,F08,recurrent,feature,0.1,0.35,sensor_3
F09_S201_M10_O35,201,F09,no_drift,none,0.1,0.35,none
F01_S201_M10_O50,201,F01,abrupt,feature,0.1,0.5,sensor_7
F02_S201_M10_O50,201,F02,gradual,feature,0.1,0.5,sensor_7
F03_S201_M10_O50,201,F03,multi_feature,feature,0.1,0.5,sensor_7
F04_S201_M10_O50,201,F04,concept,residual,0.1,0.5,sensor_7
F05_S201_M10_O50,201,F05,prediction,prediction,0.1,0.5,sensor_7
F06_S201_M10_O50,201,F06,prediction_controlled,prediction,0.1,0.5,sensor_7
F07_S201_M10_O50,201,F07,performance_only,performance,0.1,0.5,sensor_7
F08_S201_M10_O50,201,F08,recurrent,feature,0.1,0.5,sensor_7
F09_S201_M10_O50,201,F09,no_drift,none,0.1,0.5,none
F01_S201_M10_O65,201,F01,abrupt,feature,0.1,0.65,sensor_2
F02_S201_M10_O65,201,F02,gradual,feature,0.1,0.65,sensor_2
F03_S201_M10_O65,201,F03,multi_feature,feature,0.1,0.65,sensor_2
F04_S201_M10_O65,201,F04,concept,residual,0.1,0.65,sensor_2
F05_S201_M10_O65,201,F05,prediction,prediction,0.1,0.65,sensor_2
F06_S201_M10_O65,201,F06,prediction_controlled,prediction,0.1,0.65,sensor_2
F07_S201_M10_O65,201,F07,performance_only,performance,0.1,0.65,sensor_2
F08_S201_M10_O65,201,F08,recurrent,feature,0.1,0.65,sensor_2
F09_S201_M10_O65,201,F09,no_drift,none,0.1,0.65,none
F01_S201_M10_O80,201,F01,abrupt,feature,0.1,0.8,sensor_8
F02_S201_M10_O80,201,F02,gradual,feature,0.1,0.8,sensor_8
F03_S201_M10_O80,201,F03,multi_feature,feature,0.1,0.8,sensor_8
F04_S201_M10_O80,201,F04,concept,residual,0.1,0.8,sensor_8
F05_S201_M10_O80,201,F05,prediction,prediction,0.1,0.8,sensor_8
F06_S201_M10_O80,201,F06,prediction_controlled,prediction,0.1,0.8,sensor_8
F07_S201_M10_O80,201,F07,performance_only,performance,0.1,0.8,sensor_8
F08_S201_M10_O80,201,F08,recurrent,feature,0.1,0.8,sensor_8
F09_S201_M10_O80,201,F09,no_drift,none,0.1,0.8,none
F01_S201_M20_O20,201,F01,abrupt,feature,0.2,0.2,sensor_2
F02_S201_M20_O20,201,F02,gradual,feature,0.2,0.2,sensor_2
F03_S201_M20_O20,201,F03,multi_feature,feature,0.2,0.2,sensor_2
F04_S201_M20_O20,201,F04,concept,residual,0.2,0.2,sensor_2
F05_S201_M20_O20,201,F05,prediction,prediction,0.2,0.2,sensor_2
F06_S201_M20_O20,201,F06,prediction_controlled,prediction,0.2,0.2,sensor_2
F07_S201_M20_O20,201,F07,performance_only,performance,0.2,0.2,sensor_2
F08_S201_M20_O20,201,F08,recurrent,feature,0.2,0.2,sensor_2
F09_S201_M20_O20,201,F09,no_drift,none,0.2,0.2,none
F01_S201_M20_O35,201,F01,abrupt,feature,0.2,0.35,sensor_11
F02_S201_M20_O35,201,F02,gradual,feature,0.2,0.35,sensor_11
F03_S201_M20_O35,201,F03,multi_feature,feature,0.2,0.35,sensor_11
F04_S201_M20_O35,201,F04,concept,residual,0.2,0.35,sensor_11
F05_S201_M20_O35,201,F05,prediction,prediction,0.2,0.35,sensor_11
F06_S201_M20_O35,201,F06,prediction_controlled,prediction,0.2,0.35,sensor_11
F07_S201_M20_O35,201,F07,performance_only,performance,0.2,0.35,sensor_11
F08_S201_M20_O35,201,F08,recurrent,feature,0.2,0.35,sensor_11
F09_S201_M20_O35,201,F09,no_drift,none,0.2,0.35,none
F01_S201_M20_O50,201,F01,abrupt,feature,0.2,0.5,sensor_8
F02_S201_M20_O50,201,F02,gradual,feature,0.2,0.5,sensor_8
F03_S201_M20_O50,201,F03,multi_feature,feature,0.2,0.5,sensor_8
F04_S201_M20_O50,201,F04,concept,residual,0.2,0.5,sensor_8
F05_S201_M20_O50,201,F05,prediction,prediction,0.2,0.5,sensor_8
F06_S201_M20_O50,201,F06,prediction_controlled,prediction,0.2,0.5,sensor_8
F07_S201_M20_O50,201,F07,performance_only,performance,0.2,0.5,sensor_8
F08_S201_M20_O50,201,F08,recurrent,feature,0.2,0.5,sensor_8
F09_S201_M20_O50,201,F09,no_drift,none,0.2,0.5,none
F01_S201_M20_O65,201,F01,abrupt,feature,0.2,0.65,sensor_7
F02_S201_M20_O65,201,F02,gradual,feature,0.2,0.65,sensor_7
F03_S201_M20_O65,201,F03,multi_feature,feature,0.2,0.65,sensor_7
F04_S201_M20_O65,201,F04,concept,residual,0.2,0.65,sensor_7
F05_S201_M20_O65,201,F05,prediction,prediction,0.2,0.65,sensor_7
F06_S201_M20_O65,201,F06,prediction_controlled,prediction,0.2,0.65,sensor_7
F07_S201_M20_O65,201,F07,performance_only,performance,0.2,0.65,sensor_7
F08_S201_M20_O65,201,F08,recurrent,feature,0.2,0.65,sensor_7
F09_S201_M20_O65,201,F09,no_drift,none,0.2,0.65,none
F01_S201_M20_O80,201,F01,abrupt,feature,0.2,0.8,sensor_7
F02_S201_M20_O80,201,F02,gradual,feature,0.2,0.8,sensor_7
F03_S201_M20_O80,201,F03,multi_feature,feature,0.2,0.8,sensor_7
F04_S201_M20_O80,201,F04,concept,residual,0.2,0.8,sensor_7
F05_S201_M20_O80,201,F05,prediction,prediction,0.2,0.8,sensor_7
F06_S201_M20_O80,201,F06,prediction_controlled,prediction,0.2,0.8,sensor_7
F07_S201_M20_O80,201,F07,performance_only,performance,0.2,0.8,sensor_7
F08_S201_M20_O80,201,F08,recurrent,feature,0.2,0.8,sensor_7
F09_S201_M20_O80,201,F09,no_drift,none,0.2,0.8,none
F01_S201_M30_O20,201,F01,abrupt,feature,0.3,0.2,sensor_2
F02_S201_M30_O20,201,F02,gradual,feature,0.3,0.2,sensor_2
F03_S201_M30_O20,201,F03,multi_feature,feature,0.3,0.2,sensor_2
F04_S201_M30_O20,201,F04,concept,residual,0.3,0.2,sensor_2
F05_S201_M30_O20,201,F05,prediction,prediction,0.3,0.2,sensor_2
F06_S201_M30_O20,201,F06,prediction_controlled,prediction,0.3,0.2,sensor_2
F07_S201_M30_O20,201,F07,performance_only,performance,0.3,0.2,sensor_2
F08_S201_M30_O20,201,F08,recurrent,feature,0.3,0.2,sensor_2
F09_S201_M30_O20,201,F09,no_drift,none,0.3,0.2,none
F01_S201_M30_O35,201,F01,abrupt,feature,0.3,0.35,sensor_11
F02_S201_M30_O35,201,F02,gradual,feature,0.3,0.35,sensor_11
F03_S201_M30_O35,201,F03,multi_feature,feature,0.3,0.35,sensor_11
F04_S201_M30_O35,201,F04,concept,residual,0.3,0.35,sensor_11
F05_S201_M30_O35,201,F05,prediction,prediction,0.3,0.35,sensor_11
F06_S201_M30_O35,201,F06,prediction_controlled,prediction,0.3,0.35,sensor_11
F07_S201_M30_O35,201,F07,performance_only,performance,0.3,0.35,sensor_11
F08_S201_M30_O35,201,F08,recurrent,feature,0.3,0.35,sensor_11
F09_S201_M30_O35,201,F09,no_drift,none,0.3,0.35,none
F01_S201_M30_O50,201,F01,abrupt,feature,0.3,0.5,sensor_2
F02_S201_M30_O50,201,F02,gradual,feature,0.3,0.5,sensor_2
F03_S201_M30_O50,201,F03,multi_feature,feature,0.3,0.5,sensor_2
F04_S201_M30_O50,201,F04,concept,residual,0.3,0.5,sensor_2
F05_S201_M30_O50,201,F05,prediction,prediction,0.3,0.5,sensor_2
F06_S201_M30_O50,201,F06,prediction_controlled,prediction,0.3,0.5,sensor_2
F07_S201_M30_O50,201,F07,performance_only,performance,0.3,0.5,sensor_2
F08_S201_M30_O50,201,F08,recurrent,feature,0.3,0.5,sensor_2
F09_S201_M30_O50,201,F09,no_drift,none,0.3,0.5,none
F01_S201_M30_O65,201,F01,abrupt,feature,0.3,0.65,sensor_8
F02_S201_M30_O65,201,F02,gradual,feature,0.3,0.65,sensor_8
F03_S201_M30_O65,201,F03,multi_feature,feature,0.3,0.65,sensor_8
F04_S201_M30_O65,201,F04,concept,residual,0.3,0.65,sensor_8
F05_S201_M30_O65,201,F05,prediction,prediction,0.3,0.65,sensor_8
F06_S201_M30_O65,201,F06,prediction_controlled,prediction,0.3,0.65,sensor_8
F07_S201_M30_O65,201,F07,performance_only,performance,0.3,0.65,sensor_8
F08_S201_M30_O65,201,F08,recurrent,feature,0.3,0.65,sensor_8
F09_S201_M30_O65,201,F09,no_drift,none,0.3,0.65,none
F01_S201_M30_O80,201,F01,abrupt,feature,0.3,0.8,sensor_2
F02_S201_M30_O80,201,F02,gradual,feature,0.3,0.8,sensor_2
F03_S201_M30_O80,201,F03,multi_feature,feature,0.3,0.8,sensor_2
F04_S201_M30_O80,201,F04,concept,residual,0.3,0.8,sensor_2
F05_S201_M30_O80,201,F05,prediction,prediction,0.3,0.8,sensor_2
F06_S201_M30_O80,201,F06,prediction_controlled,prediction,0.3,0.8,sensor_2
F07_S201_M30_O80,201,F07,performance_only,performance,0.3,0.8,sensor_2
F08_S201_M30_O80,201,F08,recurrent,feature,0.3,0.8,sensor_2
F09_S201_M30_O80,201,F09,no_drift,none,0.3,0.8,none
F01_S201_M40_O20,201,F01,abrupt,feature,0.4,0.2,sensor_3
F02_S201_M40_O20,201,F02,gradual,feature,0.4,0.2,sensor_3
F03_S201_M40_O20,201,F03,multi_feature,feature,0.4,0.2,sensor_3
F04_S201_M40_O20,201,F04,concept,residual,0.4,0.2,sensor_3
F05_S201_M40_O20,201,F05,prediction,prediction,0.4,0.2,sensor_3
F06_S201_M40_O20,201,F06,prediction_controlled,prediction,0.4,0.2,sensor_3
F07_S201_M40_O20,201,F07,performance_only,performance,0.4,0.2,sensor_3
F08_S201_M40_O20,201,F08,recurrent,feature,0.4,0.2,sensor_3
F09_S201_M40_O20,201,F09,no_drift,none,0.4,0.2,none
F01_S201_M40_O35,201,F01,abrupt,feature,0.4,0.35,sensor_2
F02_S201_M40_O35,201,F02,gradual,feature,0.4,0.35,sensor_2
F03_S201_M40_O35,201,F03,multi_feature,feature,0.4,0.35,sensor_2
F04_S201_M40_O35,201,F04,concept,residual,0.4,0.35,sensor_2
F05_S201_M40_O35,201,F05,prediction,prediction,0.4,0.35,sensor_2
F06_S201_M40_O35,201,F06,prediction_controlled,prediction,0.4,0.35,sensor_2
F07_S201_M40_O35,201,F07,performance_only,performance,0.4,0.35,sensor_2
F08_S201_M40_O35,201,F08,recurrent,feature,0.4,0.35,sensor_2
F09_S201_M40_O35,201,F09,no_drift,none,0.4,0.35,none
F01_S201_M40_O50,201,F01,abrupt,feature,0.4,0.5,sensor_11
F02_S201_M40_O50,201,F02,gradual,feature,0.4,0.5,sensor_11
F03_S201_M40_O50,201,F03,multi_feature,feature,0.4,0.5,sensor_11
F04_S201_M40_O50,201,F04,concept,residual,0.4,0.5,sensor_11
F05_S201_M40_O50,201,F05,prediction,prediction,0.4,0.5,sensor_11
F06_S201_M40_O50,201,F06,prediction_controlled,prediction,0.4,0.5,sensor_11
F07_S201_M40_O50,201,F07,performance_only,performance,0.4,0.5,sensor_11
F08_S201_M40_O50,201,F08,recurrent,feature,0.4,0.5,sensor_11
F09_S201_M40_O50,201,F09,no_drift,none,0.4,0.5,none
F01_S201_M40_O65,201,F01,abrupt,feature,0.4,0.65,sensor_11
F02_S201_M40_O65,201,F02,gradual,feature,0.4,0.65,sensor_11
F03_S201_M40_O65,201,F03,multi_feature,feature,0.4,0.65,sensor_11
F04_S201_M40_O65,201,F04,concept,residual,0.4,0.65,sensor_11
F05_S201_M40_O65,201,F05,prediction,prediction,0.4,0.65,sensor_11
F06_S201_M40_O65,201,F06,prediction_controlled,prediction,0.4,0.65,sensor_11
F07_S201_M40_O65,201,F07,performance_only,performance,0.4,0.65,sensor_11
F08_S201_M40_O65,201,F08,recurrent,feature,0.4,0.65,sensor_11
F09_S201_M40_O65,201,F09,no_drift,none,0.4,0.65,none
F01_S201_M40_O80,201,F01,abrupt,feature,0.4,0.8,sensor_8
F02_S201_M40_O80,201,F02,gradual,feature,0.4,0.8,sensor_8
F03_S201_M40_O80,201,F03,multi_feature,feature,0.4,0.8,sensor_8
F04_S201_M40_O80,201,F04,concept,residual,0.4,0.8,sensor_8
F05_S201_M40_O80,201,F05,prediction,prediction,0.4,0.8,sensor_8
F06_S201_M40_O80,201,F06,prediction_controlled,prediction,0.4,0.8,sensor_8
F07_S201_M40_O80,201,F07,performance_only,performance,0.4,0.8,sensor_8
F08_S201_M40_O80,201,F08,recurrent,feature,0.4,0.8,sensor_8
F09_S201_M40_O80,201,F09,no_drift,none,0.4,0.8,none
F01_S201_M50_O20,201,F01,abrupt,feature,0.5,0.2,sensor_7
F02_S201_M50_O20,201,F02,gradual,feature,0.5,0.2,sensor_7
F03_S201_M50_O20,201,F03,multi_feature,feature,0.5,0.2,sensor_7
F04_S201_M50_O20,201,F04,concept,residual,0.5,0.2,sensor_7
F05_S201_M50_O20,201,F05,prediction,prediction,0.5,0.2,sensor_7
F06_S201_M50_O20,201,F06,prediction_controlled,prediction,0.5,0.2,sensor_7
F07_S201_M50_O20,201,F07,performance_only,performance,0.5,0.2,sensor_7
F08_S201_M50_O20,201,F08,recurrent,feature,0.5,0.2,sensor_7
F09_S201_M50_O20,201,F09,no_drift,none,0.5,0.2,none
F01_S201_M50_O35,201,F01,abrupt,feature,0.5,0.35,sensor_3
F02_S201_M50_O35,201,F02,gradual,feature,0.5,0.35,sensor_3
F03_S201_M50_O35,201,F03,multi_feature,feature,0.5,0.35,sensor_3
F04_S201_M50_O35,201,F04,concept,residual,0.5,0.35,sensor_3
F05_S201_M50_O35,201,F05,prediction,prediction,0.5,0.35,sensor_3
F06_S201_M50_O35,201,F06,prediction_controlled,prediction,0.5,0.35,sensor_3
F07_S201_M50_O35,201,F07,performance_only,performance,0.5,0.35,sensor_3
F08_S201_M50_O35,201,F08,recurrent,feature,0.5,0.35,sensor_3
F09_S201_M50_O35,201,F09,no_drift,none,0.5,0.35,none
F01_S201_M50_O50,201,F01,abrupt,feature,0.5,0.5,sensor_11
F02_S201_M50_O50,201,F02,gradual,feature,0.5,0.5,sensor_11
F03_S201_M50_O50,201,F03,multi_feature,feature,0.5,0.5,sensor_11
F04_S201_M50_O50,201,F04,concept,residual,0.5,0.5,sensor_11
F05_S201_M50_O50,201,F05,prediction,prediction,0.5,0.5,sensor_11
F06_S201_M50_O50,201,F06,prediction_controlled,prediction,0.5,0.5,sensor_11
F07_S201_M50_O50,201,F07,performance_only,performance,0.5,0.5,sensor_11
F08_S201_M50_O50,201,F08,recurrent,feature,0.5,0.5,sensor_11
F09_S201_M50_O50,201,F09,no_drift,none,0.5,0.5,none
F01_S201_M50_O65,201,F01,abrupt,feature,0.5,0.65,sensor_11
F02_S201_M50_O65,201,F02,gradual,feature,0.5,0.65,sensor_11
F03_S201_M50_O65,201,F03,multi_feature,feature,0.5,0.65,sensor_11
F04_S201_M50_O65,201,F04,concept,residual,0.5,0.65,sensor_11
F05_S201_M50_O65,201,F05,prediction,prediction,0.5,0.65,sensor_11
F06_S201_M50_O65,201,F06,prediction_controlled,prediction,0.5,0.65,sensor_11
F07_S201_M50_O65,201,F07,performance_only,performance,0.5,0.65,sensor_11
F08_S201_M50_O65,201,F08,recurrent,feature,0.5,0.65,sensor_11
F09_S201_M50_O65,201,F09,no_drift,none,0.5,0.65,none
F01_S201_M50_O80,201,F01,abrupt,feature,0.5,0.8,sensor_8
F02_S201_M50_O80,201,F02,gradual,feature,0.5,0.8,sensor_8
F03_S201_M50_O80,201,F03,multi_feature,feature,0.5,0.8,sensor_8
F04_S201_M50_O80,201,F04,concept,residual,0.5,0.8,sensor_8
F05_S201_M50_O80,201,F05,prediction,prediction,0.5,0.8,sensor_8
F06_S201_M50_O80,201,F06,prediction_controlled,prediction,0.5,0.8,sensor_8
F07_S201_M50_O80,201,F07,performance_only,performance,0.5,0.8,sensor_8
F08_S201_M50_O80,201,F08,recurrent,feature,0.5,0.8,sensor_8
F09_S201_M50_O80,201,F09,no_drift,none,0.5,0.8,none
F01_S256_M10_O20,256,F01,abrupt,feature,0.1,0.2,sensor_3
F02_S256_M10_O20,256,F02,gradual,feature,0.1,0.2,sensor_3
F03_S256_M10_O20,256,F03,multi_feature,feature,0.1,0.2,sensor_3
F04_S256_M10_O20,256,F04,concept,residual,0.1,0.2,sensor_3
F05_S256_M10_O20,256,F05,prediction,prediction,0.1,0.2,sensor_3
F06_S256_M10_O20,256,F06,prediction_controlled,prediction,0.1,0.2,sensor_3
F07_S256_M10_O20,256,F07,performance_only,performance,0.1,0.2,sensor_3
F08_S256_M10_O20,256,F08,recurrent,feature,0.1,0.2,sensor_3
F09_S256_M10_O20,256,F09,no_drift,none,0.1,0.2,none
F01_S256_M10_O35,256,F01,abrupt,feature,0.1,0.35,sensor_2
F02_S256_M10_O35,256,F02,gradual,feature,0.1,0.35,sensor_2
F03_S256_M10_O35,256,F03,multi_feature,feature,0.1,0.35,sensor_2
F04_S256_M10_O35,256,F04,concept,residual,0.1,0.35,sensor_2
F05_S256_M10_O35,256,F05,prediction,prediction,0.1,0.35,sensor_2
F06_S256_M10_O35,256,F06,prediction_controlled,prediction,0.1,0.35,sensor_2
F07_S256_M10_O35,256,F07,performance_only,performance,0.1,0.35,sensor_2
F08_S256_M10_O35,256,F08,recurrent,feature,0.1,0.35,sensor_2
F09_S256_M10_O35,256,F09,no_drift,none,0.1,0.35,none
F01_S256_M10_O50,256,F01,abrupt,feature,0.1,0.5,sensor_11
F02_S256_M10_O50,256,F02,gradual,feature,0.1,0.5,sensor_11
F03_S256_M10_O50,256,F03,multi_feature,feature,0.1,0.5,sensor_11
F04_S256_M10_O50,256,F04,concept,residual,0.1,0.5,sensor_11
F05_S256_M10_O50,256,F05,prediction,prediction,0.1,0.5,sensor_11
F06_S256_M10_O50,256,F06,prediction_controlled,prediction,0.1,0.5,sensor_11
F07_S256_M10_O50,256,F07,performance_only,performance,0.1,0.5,sensor_11
F08_S256_M10_O50,256,F08,recurrent,feature,0.1,0.5,sensor_11
F09_S256_M10_O50,256,F09,no_drift,none,0.1,0.5,none
F01_S256_M10_O65,256,F01,abrupt,feature,0.1,0.65,sensor_2
F02_S256_M10_O65,256,F02,gradual,feature,0.1,0.65,sensor_2
F03_S256_M10_O65,256,F03,multi_feature,feature,0.1,0.65,sensor_2
F04_S256_M10_O65,256,F04,concept,residual,0.1,0.65,sensor_2
F05_S256_M10_O65,256,F05,prediction,prediction,0.1,0.65,sensor_2
F06_S256_M10_O65,256,F06,prediction_controlled,prediction,0.1,0.65,sensor_2
F07_S256_M10_O65,256,F07,performance_only,performance,0.1,0.65,sensor_2
F08_S256_M10_O65,256,F08,recurrent,feature,0.1,0.65,sensor_2
F09_S256_M10_O65,256,F09,no_drift,none,0.1,0.65,none
F01_S256_M10_O80,256,F01,abrupt,feature,0.1,0.8,sensor_11
F02_S256_M10_O80,256,F02,gradual,feature,0.1,0.8,sensor_11
F03_S256_M10_O80,256,F03,multi_feature,feature,0.1,0.8,sensor_11
F04_S256_M10_O80,256,F04,concept,residual,0.1,0.8,sensor_11
F05_S256_M10_O80,256,F05,prediction,prediction,0.1,0.8,sensor_11
F06_S256_M10_O80,256,F06,prediction_controlled,prediction,0.1,0.8,sensor_11
F07_S256_M10_O80,256,F07,performance_only,performance,0.1,0.8,sensor_11
F08_S256_M10_O80,256,F08,recurrent,feature,0.1,0.8,sensor_11
F09_S256_M10_O80,256,F09,no_drift,none,0.1,0.8,none
F01_S256_M20_O20,256,F01,abrupt,feature,0.2,0.2,sensor_8
F02_S256_M20_O20,256,F02,gradual,feature,0.2,0.2,sensor_8
F03_S256_M20_O20,256,F03,multi_feature,feature,0.2,0.2,sensor_8
F04_S256_M20_O20,256,F04,concept,residual,0.2,0.2,sensor_8
F05_S256_M20_O20,256,F05,prediction,prediction,0.2,0.2,sensor_8
F06_S256_M20_O20,256,F06,prediction_controlled,prediction,0.2,0.2,sensor_8
F07_S256_M20_O20,256,F07,performance_only,performance,0.2,0.2,sensor_8
F08_S256_M20_O20,256,F08,recurrent,feature,0.2,0.2,sensor_8
F09_S256_M20_O20,256,F09,no_drift,none,0.2,0.2,none
F01_S256_M20_O35,256,F01,abrupt,feature,0.2,0.35,sensor_3
F02_S256_M20_O35,256,F02,gradual,feature,0.2,0.35,sensor_3
F03_S256_M20_O35,256,F03,multi_feature,feature,0.2,0.35,sensor_3
F04_S256_M20_O35,256,F04,concept,residual,0.2,0.35,sensor_3
F05_S256_M20_O35,256,F05,prediction,prediction,0.2,0.35,sensor_3
F06_S256_M20_O35,256,F06,prediction_controlled,prediction,0.2,0.35,sensor_3
F07_S256_M20_O35,256,F07,performance_only,performance,0.2,0.35,sensor_3
F08_S256_M20_O35,256,F08,recurrent,feature,0.2,0.35,sensor_3
F09_S256_M20_O35,256,F09,no_drift,none,0.2,0.35,none
F01_S256_M20_O50,256,F01,abrupt,feature,0.2,0.5,sensor_7
F02_S256_M20_O50,256,F02,gradual,feature,0.2,0.5,sensor_7
F03_S256_M20_O50,256,F03,multi_feature,feature,0.2,0.5,sensor_7
F04_S256_M20_O50,256,F04,concept,residual,0.2,0.5,sensor_7
F05_S256_M20_O50,256,F05,prediction,prediction,0.2,0.5,sensor_7
F06_S256_M20_O50,256,F06,prediction_controlled,prediction,0.2,0.5,sensor_7
F07_S256_M20_O50,256,F07,performance_only,performance,0.2,0.5,sensor_7
F08_S256_M20_O50,256,F08,recurrent,feature,0.2,0.5,sensor_7
F09_S256_M20_O50,256,F09,no_drift,none,0.2,0.5,none
F01_S256_M20_O65,256,F01,abrupt,feature,0.2,0.65,sensor_2
F02_S256_M20_O65,256,F02,gradual,feature,0.2,0.65,sensor_2
F03_S256_M20_O65,256,F03,multi_feature,feature,0.2,0.65,sensor_2
F04_S256_M20_O65,256,F04,concept,residual,0.2,0.65,sensor_2
F05_S256_M20_O65,256,F05,prediction,prediction,0.2,0.65,sensor_2
F06_S256_M20_O65,256,F06,prediction_controlled,prediction,0.2,0.65,sensor_2
F07_S256_M20_O65,256,F07,performance_only,performance,0.2,0.65,sensor_2
F08_S256_M20_O65,256,F08,recurrent,feature,0.2,0.65,sensor_2
F09_S256_M20_O65,256,F09,no_drift,none,0.2,0.65,none
F01_S256_M20_O80,256,F01,abrupt,feature,0.2,0.8,sensor_11
F02_S256_M20_O80,256,F02,gradual,feature,0.2,0.8,sensor_11
F03_S256_M20_O80,256,F03,multi_feature,feature,0.2,0.8,sensor_11
F04_S256_M20_O80,256,F04,concept,residual,0.2,0.8,sensor_11
F05_S256_M20_O80,256,F05,prediction,prediction,0.2,0.8,sensor_11
F06_S256_M20_O80,256,F06,prediction_controlled,prediction,0.2,0.8,sensor_11
F07_S256_M20_O80,256,F07,performance_only,performance,0.2,0.8,sensor_11
F08_S256_M20_O80,256,F08,recurrent,feature,0.2,0.8,sensor_11
F09_S256_M20_O80,256,F09,no_drift,none,0.2,0.8,none
F01_S256_M30_O20,256,F01,abrupt,feature,0.3,0.2,sensor_2
F02_S256_M30_O20,256,F02,gradual,feature,0.3,0.2,sensor_2
F03_S256_M30_O20,256,F03,multi_feature,feature,0.3,0.2,sensor_2
F04_S256_M30_O20,256,F04,concept,residual,0.3,0.2,sensor_2
F05_S256_M30_O20,256,F05,prediction,prediction,0.3,0.2,sensor_2
F06_S256_M30_O20,256,F06,prediction_controlled,prediction,0.3,0.2,sensor_2
F07_S256_M30_O20,256,F07,performance_only,performance,0.3,0.2,sensor_2
F08_S256_M30_O20,256,F08,recurrent,feature,0.3,0.2,sensor_2
F09_S256_M30_O20,256,F09,no_drift,none,0.3,0.2,none
F01_S256_M30_O35,256,F01,abrupt,feature,0.3,0.35,sensor_2
F02_S256_M30_O35,256,F02,gradual,feature,0.3,0.35,sensor_2
F03_S256_M30_O35,256,F03,multi_feature,feature,0.3,0.35,sensor_2
F04_S256_M30_O35,256,F04,concept,residual,0.3,0.35,sensor_2
F05_S256_M30_O35,256,F05,prediction,prediction,0.3,0.35,sensor_2
F06_S256_M30_O35,256,F06,prediction_controlled,prediction,0.3,0.35,sensor_2
F07_S256_M30_O35,256,F07,performance_only,performance,0.3,0.35,sensor_2
F08_S256_M30_O35,256,F08,recurrent,feature,0.3,0.35,sensor_2
F09_S256_M30_O35,256,F09,no_drift,none,0.3,0.35,none
F01_S256_M30_O50,256,F01,abrupt,feature,0.3,0.5,sensor_8
F02_S256_M30_O50,256,F02,gradual,feature,0.3,0.5,sensor_8
F03_S256_M30_O50,256,F03,multi_feature,feature,0.3,0.5,sensor_8
F04_S256_M30_O50,256,F04,concept,residual,0.3,0.5,sensor_8
F05_S256_M30_O50,256,F05,prediction,prediction,0.3,0.5,sensor_8
F06_S256_M30_O50,256,F06,prediction_controlled,prediction,0.3,0.5,sensor_8
F07_S256_M30_O50,256,F07,performance_only,performance,0.3,0.5,sensor_8
F08_S256_M30_O50,256,F08,recurrent,feature,0.3,0.5,sensor_8
F09_S256_M30_O50,256,F09,no_drift,none,0.3,0.5,none
F01_S256_M30_O65,256,F01,abrupt,feature,0.3,0.65,sensor_3
F02_S256_M30_O65,256,F02,gradual,feature,0.3,0.65,sensor_3
F03_S256_M30_O65,256,F03,multi_feature,feature,0.3,0.65,sensor_3
F04_S256_M30_O65,256,F04,concept,residual,0.3,0.65,sensor_3
F05_S256_M30_O65,256,F05,prediction,prediction,0.3,0.65,sensor_3
F06_S256_M30_O65,256,F06,prediction_controlled,prediction,0.3,0.65,sensor_3
F07_S256_M30_O65,256,F07,performance_only,performance,0.3,0.65,sensor_3
F08_S256_M30_O65,256,F08,recurrent,feature,0.3,0.65,sensor_3
F09_S256_M30_O65,256,F09,no_drift,none,0.3,0.65,none
F01_S256_M30_O80,256,F01,abrupt,feature,0.3,0.8,sensor_2
F02_S256_M30_O80,256,F02,gradual,feature,0.3,0.8,sensor_2
F03_S256_M30_O80,256,F03,multi_feature,feature,0.3,0.8,sensor_2
F04_S256_M30_O80,256,F04,concept,residual,0.3,0.8,sensor_2
F05_S256_M30_O80,256,F05,prediction,prediction,0.3,0.8,sensor_2
F06_S256_M30_O80,256,F06,prediction_controlled,prediction,0.3,0.8,sensor_2
F07_S256_M30_O80,256,F07,performance_only,performance,0.3,0.8,sensor_2
F08_S256_M30_O80,256,F08,recurrent,feature,0.3,0.8,sensor_2
F09_S256_M30_O80,256,F09,no_drift,none,0.3,0.8,none
F01_S256_M40_O20,256,F01,abrupt,feature,0.4,0.2,sensor_2
F02_S256_M40_O20,256,F02,gradual,feature,0.4,0.2,sensor_2
F03_S256_M40_O20,256,F03,multi_feature,feature,0.4,0.2,sensor_2
F04_S256_M40_O20,256,F04,concept,residual,0.4,0.2,sensor_2
F05_S256_M40_O20,256,F05,prediction,prediction,0.4,0.2,sensor_2
F06_S256_M40_O20,256,F06,prediction_controlled,prediction,0.4,0.2,sensor_2
F07_S256_M40_O20,256,F07,performance_only,performance,0.4,0.2,sensor_2
F08_S256_M40_O20,256,F08,recurrent,feature,0.4,0.2,sensor_2
F09_S256_M40_O20,256,F09,no_drift,none,0.4,0.2,none
F01_S256_M40_O35,256,F01,abrupt,feature,0.4,0.35,sensor_3
F02_S256_M40_O35,256,F02,gradual,feature,0.4,0.35,sensor_3
F03_S256_M40_O35,256,F03,multi_feature,feature,0.4,0.35,sensor_3
F04_S256_M40_O35,256,F04,concept,residual,0.4,0.35,sensor_3
F05_S256_M40_O35,256,F05,prediction,prediction,0.4,0.35,sensor_3
F06_S256_M40_O35,256,F06,prediction_controlled,prediction,0.4,0.35,sensor_3
F07_S256_M40_O35,256,F07,performance_only,performance,0.4,0.35,sensor_3
F08_S256_M40_O35,256,F08,recurrent,feature,0.4,0.35,sensor_3
F09_S256_M40_O35,256,F09,no_drift,none,0.4,0.35,none
F01_S256_M40_O50,256,F01,abrupt,feature,0.4,0.5,sensor_11
F02_S256_M40_O50,256,F02,gradual,feature,0.4,0.5,sensor_11
F03_S256_M40_O50,256,F03,multi_feature,feature,0.4,0.5,sensor_11
F04_S256_M40_O50,256,F04,concept,residual,0.4,0.5,sensor_11
F05_S256_M40_O50,256,F05,prediction,prediction,0.4,0.5,sensor_11
F06_S256_M40_O50,256,F06,prediction_controlled,prediction,0.4,0.5,sensor_11
F07_S256_M40_O50,256,F07,performance_only,performance,0.4,0.5,sensor_11
F08_S256_M40_O50,256,F08,recurrent,feature,0.4,0.5,sensor_11
F09_S256_M40_O50,256,F09,no_drift,none,0.4,0.5,none
F01_S256_M40_O65,256,F01,abrupt,feature,0.4,0.65,sensor_7
F02_S256_M40_O65,256,F02,gradual,feature,0.4,0.65,sensor_7
F03_S256_M40_O65,256,F03,multi_feature,feature,0.4,0.65,sensor_7
F04_S256_M40_O65,256,F04,concept,residual,0.4,0.65,sensor_7
F05_S256_M40_O65,256,F05,prediction,prediction,0.4,0.65,sensor_7
F06_S256_M40_O65,256,F06,prediction_controlled,prediction,0.4,0.65,sensor_7
F07_S256_M40_O65,256,F07,performance_only,performance,0.4,0.65,sensor_7
F08_S256_M40_O65,256,F08,recurrent,feature,0.4,0.65,sensor_7
F09_S256_M40_O65,256,F09,no_drift,none,0.4,0.65,none
F01_S256_M40_O80,256,F01,abrupt,feature,0.4,0.8,sensor_3
F02_S256_M40_O80,256,F02,gradual,feature,0.4,0.8,sensor_3
F03_S256_M40_O80,256,F03,multi_feature,feature,0.4,0.8,sensor_3
F04_S256_M40_O80,256,F04,concept,residual,0.4,0.8,sensor_3
F05_S256_M40_O80,256,F05,prediction,prediction,0.4,0.8,sensor_3
F06_S256_M40_O80,256,F06,prediction_controlled,prediction,0.4,0.8,sensor_3
F07_S256_M40_O80,256,F07,performance_only,performance,0.4,0.8,sensor_3
F08_S256_M40_O80,256,F08,recurrent,feature,0.4,0.8,sensor_3
F09_S256_M40_O80,256,F09,no_drift,none,0.4,0.8,none
F01_S256_M50_O20,256,F01,abrupt,feature,0.5,0.2,sensor_8
F02_S256_M50_O20,256,F02,gradual,feature,0.5,0.2,sensor_8
F03_S256_M50_O20,256,F03,multi_feature,feature,0.5,0.2,sensor_8
F04_S256_M50_O20,256,F04,concept,residual,0.5,0.2,sensor_8
F05_S256_M50_O20,256,F05,prediction,prediction,0.5,0.2,sensor_8
F06_S256_M50_O20,256,F06,prediction_controlled,prediction,0.5,0.2,sensor_8
F07_S256_M50_O20,256,F07,performance_only,performance,0.5,0.2,sensor_8
F08_S256_M50_O20,256,F08,recurrent,feature,0.5,0.2,sensor_8
F09_S256_M50_O20,256,F09,no_drift,none,0.5,0.2,none
F01_S256_M50_O35,256,F01,abrupt,feature,0.5,0.35,sensor_2
F02_S256_M50_O35,256,F02,gradual,feature,0.5,0.35,sensor_2
F03_S256_M50_O35,256,F03,multi_feature,feature,0.5,0.35,sensor_2
F04_S256_M50_O35,256,F04,concept,residual,0.5,0.35,sensor_2
F05_S256_M50_O35,256,F05,prediction,prediction,0.5,0.35,sensor_2
F06_S256_M50_O35,256,F06,prediction_controlled,prediction,0.5,0.35,sensor_2
F07_S256_M50_O35,256,F07,performance_only,performance,0.5,0.35,sensor_2
F08_S256_M50_O35,256,F08,recurrent,feature,0.5,0.35,sensor_2
F09_S256_M50_O35,256,F09,no_drift,none,0.5,0.35,none
F01_S256_M50_O50,256,F01,abrupt,feature,0.5,0.5,sensor_7
F02_S256_M50_O50,256,F02,gradual,feature,0.5,0.5,sensor_7
F03_S256_M50_O50,256,F03,multi_feature,feature,0.5,0.5,sensor_7
F04_S256_M50_O50,256,F04,concept,residual,0.5,0.5,sensor_7
F05_S256_M50_O50,256,F05,prediction,prediction,0.5,0.5,sensor_7
F06_S256_M50_O50,256,F06,prediction_controlled,prediction,0.5,0.5,sensor_7
F07_S256_M50_O50,256,F07,performance_only,performance,0.5,0.5,sensor_7
F08_S256_M50_O50,256,F08,recurrent,feature,0.5,0.5,sensor_7
F09_S256_M50_O50,256,F09,no_drift,none,0.5,0.5,none
F01_S256_M50_O65,256,F01,abrupt,feature,0.5,0.65,sensor_3
F02_S256_M50_O65,256,F02,gradual,feature,0.5,0.65,sensor_3
F03_S256_M50_O65,256,F03,multi_feature,feature,0.5,0.65,sensor_3
F04_S256_M50_O65,256,F04,concept,residual,0.5,0.65,sensor_3
F05_S256_M50_O65,256,F05,prediction,prediction,0.5,0.65,sensor_3
F06_S256_M50_O65,256,F06,prediction_controlled,prediction,0.5,0.65,sensor_3
F07_S256_M50_O65,256,F07,performance_only,performance,0.5,0.65,sensor_3
F08_S256_M50_O65,256,F08,recurrent,feature,0.5,0.65,sensor_3
F09_S256_M50_O65,256,F09,no_drift,none,0.5,0.65,none
F01_S256_M50_O80,256,F01,abrupt,feature,0.5,0.8,sensor_7
F02_S256_M50_O80,256,F02,gradual,feature,0.5,0.8,sensor_7
F03_S256_M50_O80,256,F03,multi_feature,feature,0.5,0.8,sensor_7
F04_S256_M50_O80,256,F04,concept,residual,0.5,0.8,sensor_7
F05_S256_M50_O80,256,F05,prediction,prediction,0.5,0.8,sensor_7
F06_S256_M50_O80,256,F06,prediction_controlled,prediction,0.5,0.8,sensor_7
F07_S256_M50_O80,256,F07,performance_only,performance,0.5,0.8,sensor_7
F08_S256_M50_O80,256,F08,recurrent,feature,0.5,0.8,sensor_7
F09_S256_M50_O80,256,F09,no_drift,none,0.5,0.8,none
F01_S314_M10_O20,314,F01,abrupt,feature,0.1,0.2,sensor_11
F02_S314_M10_O20,314,F02,gradual,feature,0.1,0.2,sensor_11
F03_S314_M10_O20,314,F03,multi_feature,feature,0.1,0.2,sensor_11
F04_S314_M10_O20,314,F04,concept,residual,0.1,0.2,sensor_11
F05_S314_M10_O20,314,F05,prediction,prediction,0.1,0.2,sensor_11
F06_S314_M10_O20,314,F06,prediction_controlled,prediction,0.1,0.2,sensor_11
F07_S314_M10_O20,314,F07,performance_only,performance,0.1,0.2,sensor_11
F08_S314_M10_O20,314,F08,recurrent,feature,0.1,0.2,sensor_11
F09_S314_M10_O20,314,F09,no_drift,none,0.1,0.2,none
F01_S314_M10_O35,314,F01,abrupt,feature,0.1,0.35,sensor_11
F02_S314_M10_O35,314,F02,gradual,feature,0.1,0.35,sensor_11
F03_S314_M10_O35,314,F03,multi_feature,feature,0.1,0.35,sensor_11
F04_S314_M10_O35,314,F04,concept,residual,0.1,0.35,sensor_11
F05_S314_M10_O35,314,F05,prediction,prediction,0.1,0.35,sensor_11
F06_S314_M10_O35,314,F06,prediction_controlled,prediction,0.1,0.35,sensor_11
F07_S314_M10_O35,314,F07,performance_only,performance,0.1,0.35,sensor_11
F08_S314_M10_O35,314,F08,recurrent,feature,0.1,0.35,sensor_11
F09_S314_M10_O35,314,F09,no_drift,none,0.1,0.35,none
F01_S314_M10_O50,314,F01,abrupt,feature,0.1,0.5,sensor_2
F02_S314_M10_O50,314,F02,gradual,feature,0.1,0.5,sensor_2
F03_S314_M10_O50,314,F03,multi_feature,feature,0.1,0.5,sensor_2
F04_S314_M10_O50,314,F04,concept,residual,0.1,0.5,sensor_2
F05_S314_M10_O50,314,F05,prediction,prediction,0.1,0.5,sensor_2
F06_S314_M10_O50,314,F06,prediction_controlled,prediction,0.1,0.5,sensor_2
F07_S314_M10_O50,314,F07,performance_only,performance,0.1,0.5,sensor_2
F08_S314_M10_O50,314,F08,recurrent,feature,0.1,0.5,sensor_2
F09_S314_M10_O50,314,F09,no_drift,none,0.1,0.5,none
F01_S314_M10_O65,314,F01,abrupt,feature,0.1,0.65,sensor_8
F02_S314_M10_O65,314,F02,gradual,feature,0.1,0.65,sensor_8
F03_S314_M10_O65,314,F03,multi_feature,feature,0.1,0.65,sensor_8
F04_S314_M10_O65,314,F04,concept,residual,0.1,0.65,sensor_8
F05_S314_M10_O65,314,F05,prediction,prediction,0.1,0.65,sensor_8
F06_S314_M10_O65,314,F06,prediction_controlled,prediction,0.1,0.65,sensor_8
F07_S314_M10_O65,314,F07,performance_only,performance,0.1,0.65,sensor_8
F08_S314_M10_O65,314,F08,recurrent,feature,0.1,0.65,sensor_8
F09_S314_M10_O65,314,F09,no_drift,none,0.1,0.65,none
F01_S314_M10_O80,314,F01,abrupt,feature,0.1,0.8,sensor_7
F02_S314_M10_O80,314,F02,gradual,feature,0.1,0.8,sensor_7
F03_S314_M10_O80,314,F03,multi_feature,feature,0.1,0.8,sensor_7
F04_S314_M10_O80,314,F04,concept,residual,0.1,0.8,sensor_7
F05_S314_M10_O80,314,F05,prediction,prediction,0.1,0.8,sensor_7
F06_S314_M10_O80,314,F06,prediction_controlled,prediction,0.1,0.8,sensor_7
F07_S314_M10_O80,314,F07,performance_only,performance,0.1,0.8,sensor_7
F08_S314_M10_O80,314,F08,recurrent,feature,0.1,0.8,sensor_7
F09_S314_M10_O80,314,F09,no_drift,none,0.1,0.8,none
F01_S314_M20_O20,314,F01,abrupt,feature,0.2,0.2,sensor_8
F02_S314_M20_O20,314,F02,gradual,feature,0.2,0.2,sensor_8
F03_S314_M20_O20,314,F03,multi_feature,feature,0.2,0.2,sensor_8
F04_S314_M20_O20,314,F04,concept,residual,0.2,0.2,sensor_8
F05_S314_M20_O20,314,F05,prediction,prediction,0.2,0.2,sensor_8
F06_S314_M20_O20,314,F06,prediction_controlled,prediction,0.2,0.2,sensor_8
F07_S314_M20_O20,314,F07,performance_only,performance,0.2,0.2,sensor_8
F08_S314_M20_O20,314,F08,recurrent,feature,0.2,0.2,sensor_8
F09_S314_M20_O20,314,F09,no_drift,none,0.2,0.2,none
F01_S314_M20_O35,314,F01,abrupt,feature,0.2,0.35,sensor_3
F02_S314_M20_O35,314,F02,gradual,feature,0.2,0.35,sensor_3
F03_S314_M20_O35,314,F03,multi_feature,feature,0.2,0.35,sensor_3
F04_S314_M20_O35,314,F04,concept,residual,0.2,0.35,sensor_3
F05_S314_M20_O35,314,F05,prediction,prediction,0.2,0.35,sensor_3
F06_S314_M20_O35,314,F06,prediction_controlled,prediction,0.2,0.35,sensor_3
F07_S314_M20_O35,314,F07,performance_only,performance,0.2,0.35,sensor_3
F08_S314_M20_O35,314,F08,recurrent,feature,0.2,0.35,sensor_3
F09_S314_M20_O35,314,F09,no_drift,none,0.2,0.35,none
F01_S314_M20_O50,314,F01,abrupt,feature,0.2,0.5,sensor_2
F02_S314_M20_O50,314,F02,gradual,feature,0.2,0.5,sensor_2
F03_S314_M20_O50,314,F03,multi_feature,feature,0.2,0.5,sensor_2
F04_S314_M20_O50,314,F04,concept,residual,0.2,0.5,sensor_2
F05_S314_M20_O50,314,F05,prediction,prediction,0.2,0.5,sensor_2
F06_S314_M20_O50,314,F06,prediction_controlled,prediction,0.2,0.5,sensor_2
F07_S314_M20_O50,314,F07,performance_only,performance,0.2,0.5,sensor_2
F08_S314_M20_O50,314,F08,recurrent,feature,0.2,0.5,sensor_2
F09_S314_M20_O50,314,F09,no_drift,none,0.2,0.5,none
F01_S314_M20_O65,314,F01,abrupt,feature,0.2,0.65,sensor_11
F02_S314_M20_O65,314,F02,gradual,feature,0.2,0.65,sensor_11
F03_S314_M20_O65,314,F03,multi_feature,feature,0.2,0.65,sensor_11
F04_S314_M20_O65,314,F04,concept,residual,0.2,0.65,sensor_11
F05_S314_M20_O65,314,F05,prediction,prediction,0.2,0.65,sensor_11
F06_S314_M20_O65,314,F06,prediction_controlled,prediction,0.2,0.65,sensor_11
F07_S314_M20_O65,314,F07,performance_only,performance,0.2,0.65,sensor_11
F08_S314_M20_O65,314,F08,recurrent,feature,0.2,0.65,sensor_11
F09_S314_M20_O65,314,F09,no_drift,none,0.2,0.65,none
F01_S314_M20_O80,314,F01,abrupt,feature,0.2,0.8,sensor_7
F02_S314_M20_O80,314,F02,gradual,feature,0.2,0.8,sensor_7
F03_S314_M20_O80,314,F03,multi_feature,feature,0.2,0.8,sensor_7
F04_S314_M20_O80,314,F04,concept,residual,0.2,0.8,sensor_7
F05_S314_M20_O80,314,F05,prediction,prediction,0.2,0.8,sensor_7
F06_S314_M20_O80,314,F06,prediction_controlled,prediction,0.2,0.8,sensor_7
F07_S314_M20_O80,314,F07,performance_only,performance,0.2,0.8,sensor_7
F08_S314_M20_O80,314,F08,recurrent,feature,0.2,0.8,sensor_7
F09_S314_M20_O80,314,F09,no_drift,none,0.2,0.8,none
F01_S314_M30_O20,314,F01,abrupt,feature,0.3,0.2,sensor_3
F02_S314_M30_O20,314,F02,gradual,feature,0.3,0.2,sensor_3
F03_S314_M30_O20,314,F03,multi_feature,feature,0.3,0.2,sensor_3
F04_S314_M30_O20,314,F04,concept,residual,0.3,0.2,sensor_3
F05_S314_M30_O20,314,F05,prediction,prediction,0.3,0.2,sensor_3
F06_S314_M30_O20,314,F06,prediction_controlled,prediction,0.3,0.2,sensor_3
F07_S314_M30_O20,314,F07,performance_only,performance,0.3,0.2,sensor_3
F08_S314_M30_O20,314,F08,recurrent,feature,0.3,0.2,sensor_3
F09_S314_M30_O20,314,F09,no_drift,none,0.3,0.2,none
F01_S314_M30_O35,314,F01,abrupt,feature,0.3,0.35,sensor_8
F02_S314_M30_O35,314,F02,gradual,feature,0.3,0.35,sensor_8
F03_S314_M30_O35,314,F03,multi_feature,feature,0.3,0.35,sensor_8
F04_S314_M30_O35,314,F04,concept,residual,0.3,0.35,sensor_8
F05_S314_M30_O35,314,F05,prediction,prediction,0.3,0.35,sensor_8
F06_S314_M30_O35,314,F06,prediction_controlled,prediction,0.3,0.35,sensor_8
F07_S314_M30_O35,314,F07,performance_only,performance,0.3,0.35,sensor_8
F08_S314_M30_O35,314,F08,recurrent,feature,0.3,0.35,sensor_8
F09_S314_M30_O35,314,F09,no_drift,none,0.3,0.35,none
F01_S314_M30_O50,314,F01,abrupt,feature,0.3,0.5,sensor_8
F02_S314_M30_O50,314,F02,gradual,feature,0.3,0.5,sensor_8
F03_S314_M30_O50,314,F03,multi_feature,feature,0.3,0.5,sensor_8
F04_S314_M30_O50,314,F04,concept,residual,0.3,0.5,sensor_8
F05_S314_M30_O50,314,F05,prediction,prediction,0.3,0.5,sensor_8
F06_S314_M30_O50,314,F06,prediction_controlled,prediction,0.3,0.5,sensor_8
F07_S314_M30_O50,314,F07,performance_only,performance,0.3,0.5,sensor_8
F08_S314_M30_O50,314,F08,recurrent,feature,0.3,0.5,sensor_8
F09_S314_M30_O50,314,F09,no_drift,none,0.3,0.5,none
F01_S314_M30_O65,314,F01,abrupt,feature,0.3,0.65,sensor_8
F02_S314_M30_O65,314,F02,gradual,feature,0.3,0.65,sensor_8
F03_S314_M30_O65,314,F03,multi_feature,feature,0.3,0.65,sensor_8
F04_S314_M30_O65,314,F04,concept,residual,0.3,0.65,sensor_8
F05_S314_M30_O65,314,F05,prediction,prediction,0.3,0.65,sensor_8
F06_S314_M30_O65,314,F06,prediction_controlled,prediction,0.3,0.65,sensor_8
F07_S314_M30_O65,314,F07,performance_only,performance,0.3,0.65,sensor_8
F08_S314_M30_O65,314,F08,recurrent,feature,0.3,0.65,sensor_8
F09_S314_M30_O65,314,F09,no_drift,none,0.3,0.65,none
F01_S314_M30_O80,314,F01,abrupt,feature,0.3,0.8,sensor_11
F02_S314_M30_O80,314,F02,gradual,feature,0.3,0.8,sensor_11
F03_S314_M30_O80,314,F03,multi_feature,feature,0.3,0.8,sensor_11
F04_S314_M30_O80,314,F04,concept,residual,0.3,0.8,sensor_11
F05_S314_M30_O80,314,F05,prediction,prediction,0.3,0.8,sensor_11
F06_S314_M30_O80,314,F06,prediction_controlled,prediction,0.3,0.8,sensor_11
F07_S314_M30_O80,314,F07,performance_only,performance,0.3,0.8,sensor_11
F08_S314_M30_O80,314,F08,recurrent,feature,0.3,0.8,sensor_11
F09_S314_M30_O80,314,F09,no_drift,none,0.3,0.8,none
F01_S314_M40_O20,314,F01,abrupt,feature,0.4,0.2,sensor_3
F02_S314_M40_O20,314,F02,gradual,feature,0.4,0.2,sensor_3
F03_S314_M40_O20,314,F03,multi_feature,feature,0.4,0.2,sensor_3
F04_S314_M40_O20,314,F04,concept,residual,0.4,0.2,sensor_3
F05_S314_M40_O20,314,F05,prediction,prediction,0.4,0.2,sensor_3
F06_S314_M40_O20,314,F06,prediction_controlled,prediction,0.4,0.2,sensor_3
F07_S314_M40_O20,314,F07,performance_only,performance,0.4,0.2,sensor_3
F08_S314_M40_O20,314,F08,recurrent,feature,0.4,0.2,sensor_3
F09_S314_M40_O20,314,F09,no_drift,none,0.4,0.2,none
F01_S314_M40_O35,314,F01,abrupt,feature,0.4,0.35,sensor_3
F02_S314_M40_O35,314,F02,gradual,feature,0.4,0.35,sensor_3
F03_S314_M40_O35,314,F03,multi_feature,feature,0.4,0.35,sensor_3
F04_S314_M40_O35,314,F04,concept,residual,0.4,0.35,sensor_3
F05_S314_M40_O35,314,F05,prediction,prediction,0.4,0.35,sensor_3
F06_S314_M40_O35,314,F06,prediction_controlled,prediction,0.4,0.35,sensor_3
F07_S314_M40_O35,314,F07,performance_only,performance,0.4,0.35,sensor_3
F08_S314_M40_O35,314,F08,recurrent,feature,0.4,0.35,sensor_3
F09_S314_M40_O35,314,F09,no_drift,none,0.4,0.35,none
F01_S314_M40_O50,314,F01,abrupt,feature,0.4,0.5,sensor_8
F02_S314_M40_O50,314,F02,gradual,feature,0.4,0.5,sensor_8
F03_S314_M40_O50,314,F03,multi_feature,feature,0.4,0.5,sensor_8
F04_S314_M40_O50,314,F04,concept,residual,0.4,0.5,sensor_8
F05_S314_M40_O50,314,F05,prediction,prediction,0.4,0.5,sensor_8
F06_S314_M40_O50,314,F06,prediction_controlled,prediction,0.4,0.5,sensor_8
F07_S314_M40_O50,314,F07,performance_only,performance,0.4,0.5,sensor_8
F08_S314_M40_O50,314,F08,recurrent,feature,0.4,0.5,sensor_8
F09_S314_M40_O50,314,F09,no_drift,none,0.4,0.5,none
F01_S314_M40_O65,314,F01,abrupt,feature,0.4,0.65,sensor_8
F02_S314_M40_O65,314,F02,gradual,feature,0.4,0.65,sensor_8
F03_S314_M40_O65,314,F03,multi_feature,feature,0.4,0.65,sensor_8
F04_S314_M40_O65,314,F04,concept,residual,0.4,0.65,sensor_8
F05_S314_M40_O65,314,F05,prediction,prediction,0.4,0.65,sensor_8
F06_S314_M40_O65,314,F06,prediction_controlled,prediction,0.4,0.65,sensor_8
F07_S314_M40_O65,314,F07,performance_only,performance,0.4,0.65,sensor_8
F08_S314_M40_O65,314,F08,recurrent,feature,0.4,0.65,sensor_8
F09_S314_M40_O65,314,F09,no_drift,none,0.4,0.65,none
F01_S314_M40_O80,314,F01,abrupt,feature,0.4,0.8,sensor_11
F02_S314_M40_O80,314,F02,gradual,feature,0.4,0.8,sensor_11
F03_S314_M40_O80,314,F03,multi_feature,feature,0.4,0.8,sensor_11
F04_S314_M40_O80,314,F04,concept,residual,0.4,0.8,sensor_11
F05_S314_M40_O80,314,F05,prediction,prediction,0.4,0.8,sensor_11
F06_S314_M40_O80,314,F06,prediction_controlled,prediction,0.4,0.8,sensor_11
F07_S314_M40_O80,314,F07,performance_only,performance,0.4,0.8,sensor_11
F08_S314_M40_O80,314,F08,recurrent,feature,0.4,0.8,sensor_11
F09_S314_M40_O80,314,F09,no_drift,none,0.4,0.8,none
F01_S314_M50_O20,314,F01,abrupt,feature,0.5,0.2,sensor_11
F02_S314_M50_O20,314,F02,gradual,feature,0.5,0.2,sensor_11
F03_S314_M50_O20,314,F03,multi_feature,feature,0.5,0.2,sensor_11
F04_S314_M50_O20,314,F04,concept,residual,0.5,0.2,sensor_11
F05_S314_M50_O20,314,F05,prediction,prediction,0.5,0.2,sensor_11
F06_S314_M50_O20,314,F06,prediction_controlled,prediction,0.5,0.2,sensor_11
F07_S314_M50_O20,314,F07,performance_only,performance,0.5,0.2,sensor_11
F08_S314_M50_O20,314,F08,recurrent,feature,0.5,0.2,sensor_11
F09_S314_M50_O20,314,F09,no_drift,none,0.5,0.2,none
F01_S314_M50_O35,314,F01,abrupt,feature,0.5,0.35,sensor_11
F02_S314_M50_O35,314,F02,gradual,feature,0.5,0.35,sensor_11
F03_S314_M50_O35,314,F03,multi_feature,feature,0.5,0.35,sensor_11
F04_S314_M50_O35,314,F04,concept,residual,0.5,0.35,sensor_11
F05_S314_M50_O35,314,F05,prediction,prediction,0.5,0.35,sensor_11
F06_S314_M50_O35,314,F06,prediction_controlled,prediction,0.5,0.35,sensor_11
F07_S314_M50_O35,314,F07,performance_only,performance,0.5,0.35,sensor_11
F08_S314_M50_O35,314,F08,recurrent,feature,0.5,0.35,sensor_11
F09_S314_M50_O35,314,F09,no_drift,none,0.5,0.35,none
F01_S314_M50_O50,314,F01,abrupt,feature,0.5,0.5,sensor_8
F02_S314_M50_O50,314,F02,gradual,feature,0.5,0.5,sensor_8
F03_S314_M50_O50,314,F03,multi_feature,feature,0.5,0.5,sensor_8
F04_S314_M50_O50,314,F04,concept,residual,0.5,0.5,sensor_8
F05_S314_M50_O50,314,F05,prediction,prediction,0.5,0.5,sensor_8
F06_S314_M50_O50,314,F06,prediction_controlled,prediction,0.5,0.5,sensor_8
F07_S314_M50_O50,314,F07,performance_only,performance,0.5,0.5,sensor_8
F08_S314_M50_O50,314,F08,recurrent,feature,0.5,0.5,sensor_8
F09_S314_M50_O50,314,F09,no_drift,none,0.5,0.5,none
F01_S314_M50_O65,314,F01,abrupt,feature,0.5,0.65,sensor_3
F02_S314_M50_O65,314,F02,gradual,feature,0.5,0.65,sensor_3
F03_S314_M50_O65,314,F03,multi_feature,feature,0.5,0.65,sensor_3
F04_S314_M50_O65,314,F04,concept,residual,0.5,0.65,sensor_3
F05_S314_M50_O65,314,F05,prediction,prediction,0.5,0.65,sensor_3
F06_S314_M50_O65,314,F06,prediction_controlled,prediction,0.5,0.65,sensor_3
F07_S314_M50_O65,314,F07,performance_only,performance,0.5,0.65,sensor_3
F08_S314_M50_O65,314,F08,recurrent,feature,0.5,0.65,sensor_3
F09_S314_M50_O65,314,F09,no_drift,none,0.5,0.65,none
F01_S314_M50_O80,314,F01,abrupt,feature,0.5,0.8,sensor_7
F02_S314_M50_O80,314,F02,gradual,feature,0.5,0.8,sensor_7
F03_S314_M50_O80,314,F03,multi_feature,feature,0.5,0.8,sensor_7
F04_S314_M50_O80,314,F04,concept,residual,0.5,0.8,sensor_7
F05_S314_M50_O80,314,F05,prediction,prediction,0.5,0.8,sensor_7
F06_S314_M50_O80,314,F06,prediction_controlled,prediction,0.5,0.8,sensor_7
F07_S314_M50_O80,314,F07,performance_only,performance,0.5,0.8,sensor_7
F08_S314_M50_O80,314,F08,recurrent,feature,0.5,0.8,sensor_7
F09_S314_M50_O80,314,F09,no_drift,none,0.5,0.8,none
F01_S512_M10_O20,512,F01,abrupt,feature,0.1,0.2,sensor_3
F02_S512_M10_O20,512,F02,gradual,feature,0.1,0.2,sensor_3
F03_S512_M10_O20,512,F03,multi_feature,feature,0.1,0.2,sensor_3
F04_S512_M10_O20,512,F04,concept,residual,0.1,0.2,sensor_3
F05_S512_M10_O20,512,F05,prediction,prediction,0.1,0.2,sensor_3
F06_S512_M10_O20,512,F06,prediction_controlled,prediction,0.1,0.2,sensor_3
F07_S512_M10_O20,512,F07,performance_only,performance,0.1,0.2,sensor_3
F08_S512_M10_O20,512,F08,recurrent,feature,0.1,0.2,sensor_3
F09_S512_M10_O20,512,F09,no_drift,none,0.1,0.2,none
F01_S512_M10_O35,512,F01,abrupt,feature,0.1,0.35,sensor_2
F02_S512_M10_O35,512,F02,gradual,feature,0.1,0.35,sensor_2
F03_S512_M10_O35,512,F03,multi_feature,feature,0.1,0.35,sensor_2
F04_S512_M10_O35,512,F04,concept,residual,0.1,0.35,sensor_2
F05_S512_M10_O35,512,F05,prediction,prediction,0.1,0.35,sensor_2
F06_S512_M10_O35,512,F06,prediction_controlled,prediction,0.1,0.35,sensor_2
F07_S512_M10_O35,512,F07,performance_only,performance,0.1,0.35,sensor_2
F08_S512_M10_O35,512,F08,recurrent,feature,0.1,0.35,sensor_2
F09_S512_M10_O35,512,F09,no_drift,none,0.1,0.35,none
F01_S512_M10_O50,512,F01,abrupt,feature,0.1,0.5,sensor_3
F02_S512_M10_O50,512,F02,gradual,feature,0.1,0.5,sensor_3
F03_S512_M10_O50,512,F03,multi_feature,feature,0.1,0.5,sensor_3
F04_S512_M10_O50,512,F04,concept,residual,0.1,0.5,sensor_3
F05_S512_M10_O50,512,F05,prediction,prediction,0.1,0.5,sensor_3
F06_S512_M10_O50,512,F06,prediction_controlled,prediction,0.1,0.5,sensor_3
F07_S512_M10_O50,512,F07,performance_only,performance,0.1,0.5,sensor_3
F08_S512_M10_O50,512,F08,recurrent,feature,0.1,0.5,sensor_3
F09_S512_M10_O50,512,F09,no_drift,none,0.1,0.5,none
F01_S512_M10_O65,512,F01,abrupt,feature,0.1,0.65,sensor_3
F02_S512_M10_O65,512,F02,gradual,feature,0.1,0.65,sensor_3
F03_S512_M10_O65,512,F03,multi_feature,feature,0.1,0.65,sensor_3
F04_S512_M10_O65,512,F04,concept,residual,0.1,0.65,sensor_3
F05_S512_M10_O65,512,F05,prediction,prediction,0.1,0.65,sensor_3
F06_S512_M10_O65,512,F06,prediction_controlled,prediction,0.1,0.65,sensor_3
F07_S512_M10_O65,512,F07,performance_only,performance,0.1,0.65,sensor_3
F08_S512_M10_O65,512,F08,recurrent,feature,0.1,0.65,sensor_3
F09_S512_M10_O65,512,F09,no_drift,none,0.1,0.65,none
F01_S512_M10_O80,512,F01,abrupt,feature,0.1,0.8,sensor_8
F02_S512_M10_O80,512,F02,gradual,feature,0.1,0.8,sensor_8
F03_S512_M10_O80,512,F03,multi_feature,feature,0.1,0.8,sensor_8
F04_S512_M10_O80,512,F04,concept,residual,0.1,0.8,sensor_8
F05_S512_M10_O80,512,F05,prediction,prediction,0.1,0.8,sensor_8
F06_S512_M10_O80,512,F06,prediction_controlled,prediction,0.1,0.8,sensor_8
F07_S512_M10_O80,512,F07,performance_only,performance,0.1,0.8,sensor_8
F08_S512_M10_O80,512,F08,recurrent,feature,0.1,0.8,sensor_8
F09_S512_M10_O80,512,F09,no_drift,none,0.1,0.8,none
F01_S512_M20_O20,512,F01,abrupt,feature,0.2,0.2,sensor_2
F02_S512_M20_O20,512,F02,gradual,feature,0.2,0.2,sensor_2
F03_S512_M20_O20,512,F03,multi_feature,feature,0.2,0.2,sensor_2
F04_S512_M20_O20,512,F04,concept,residual,0.2,0.2,sensor_2
F05_S512_M20_O20,512,F05,prediction,prediction,0.2,0.2,sensor_2
F06_S512_M20_O20,512,F06,prediction_controlled,prediction,0.2,0.2,sensor_2
F07_S512_M20_O20,512,F07,performance_only,performance,0.2,0.2,sensor_2
F08_S512_M20_O20,512,F08,recurrent,feature,0.2,0.2,sensor_2
F09_S512_M20_O20,512,F09,no_drift,none,0.2,0.2,none
F01_S512_M20_O35,512,F01,abrupt,feature,0.2,0.35,sensor_2
F02_S512_M20_O35,512,F02,gradual,feature,0.2,0.35,sensor_2
F03_S512_M20_O35,512,F03,multi_feature,feature,0.2,0.35,sensor_2
F04_S512_M20_O35,512,F04,concept,residual,0.2,0.35,sensor_2
F05_S512_M20_O35,512,F05,prediction,prediction,0.2,0.35,sensor_2
F06_S512_M20_O35,512,F06,prediction_controlled,prediction,0.2,0.35,sensor_2
F07_S512_M20_O35,512,F07,performance_only,performance,0.2,0.35,sensor_2
F08_S512_M20_O35,512,F08,recurrent,feature,0.2,0.35,sensor_2
F09_S512_M20_O35,512,F09,no_drift,none,0.2,0.35,none
F01_S512_M20_O50,512,F01,abrupt,feature,0.2,0.5,sensor_7
F02_S512_M20_O50,512,F02,gradual,feature,0.2,0.5,sensor_7
F03_S512_M20_O50,512,F03,multi_feature,feature,0.2,0.5,sensor_7
F04_S512_M20_O50,512,F04,concept,residual,0.2,0.5,sensor_7
F05_S512_M20_O50,512,F05,prediction,prediction,0.2,0.5,sensor_7
F06_S512_M20_O50,512,F06,prediction_controlled,prediction,0.2,0.5,sensor_7
F07_S512_M20_O50,512,F07,performance_only,performance,0.2,0.5,sensor_7
F08_S512_M20_O50,512,F08,recurrent,feature,0.2,0.5,sensor_7
F09_S512_M20_O50,512,F09,no_drift,none,0.2,0.5,none
F01_S512_M20_O65,512,F01,abrupt,feature,0.2,0.65,sensor_11
F02_S512_M20_O65,512,F02,gradual,feature,0.2,0.65,sensor_11
F03_S512_M20_O65,512,F03,multi_feature,feature,0.2,0.65,sensor_11
F04_S512_M20_O65,512,F04,concept,residual,0.2,0.65,sensor_11
F05_S512_M20_O65,512,F05,prediction,prediction,0.2,0.65,sensor_11
F06_S512_M20_O65,512,F06,prediction_controlled,prediction,0.2,0.65,sensor_11
F07_S512_M20_O65,512,F07,performance_only,performance,0.2,0.65,sensor_11
F08_S512_M20_O65,512,F08,recurrent,feature,0.2,0.65,sensor_11
F09_S512_M20_O65,512,F09,no_drift,none,0.2,0.65,none
F01_S512_M20_O80,512,F01,abrupt,feature,0.2,0.8,sensor_11
F02_S512_M20_O80,512,F02,gradual,feature,0.2,0.8,sensor_11
F03_S512_M20_O80,512,F03,multi_feature,feature,0.2,0.8,sensor_11
F04_S512_M20_O80,512,F04,concept,residual,0.2,0.8,sensor_11
F05_S512_M20_O80,512,F05,prediction,prediction,0.2,0.8,sensor_11
F06_S512_M20_O80,512,F06,prediction_controlled,prediction,0.2,0.8,sensor_11
F07_S512_M20_O80,512,F07,performance_only,performance,0.2,0.8,sensor_11
F08_S512_M20_O80,512,F08,recurrent,feature,0.2,0.8,sensor_11
F09_S512_M20_O80,512,F09,no_drift,none,0.2,0.8,none
F01_S512_M30_O20,512,F01,abrupt,feature,0.3,0.2,sensor_8
F02_S512_M30_O20,512,F02,gradual,feature,0.3,0.2,sensor_8
F03_S512_M30_O20,512,F03,multi_feature,feature,0.3,0.2,sensor_8
F04_S512_M30_O20,512,F04,concept,residual,0.3,0.2,sensor_8
F05_S512_M30_O20,512,F05,prediction,prediction,0.3,0.2,sensor_8
F06_S512_M30_O20,512,F06,prediction_controlled,prediction,0.3,0.2,sensor_8
F07_S512_M30_O20,512,F07,performance_only,performance,0.3,0.2,sensor_8
F08_S512_M30_O20,512,F08,recurrent,feature,0.3,0.2,sensor_8
F09_S512_M30_O20,512,F09,no_drift,none,0.3,0.2,none
F01_S512_M30_O35,512,F01,abrupt,feature,0.3,0.35,sensor_3
F02_S512_M30_O35,512,F02,gradual,feature,0.3,0.35,sensor_3
F03_S512_M30_O35,512,F03,multi_feature,feature,0.3,0.35,sensor_3
F04_S512_M30_O35,512,F04,concept,residual,0.3,0.35,sensor_3
F05_S512_M30_O35,512,F05,prediction,prediction,0.3,0.35,sensor_3
F06_S512_M30_O35,512,F06,prediction_controlled,prediction,0.3,0.35,sensor_3
F07_S512_M30_O35,512,F07,performance_only,performance,0.3,0.35,sensor_3
F08_S512_M30_O35,512,F08,recurrent,feature,0.3,0.35,sensor_3
F09_S512_M30_O35,512,F09,no_drift,none,0.3,0.35,none
F01_S512_M30_O50,512,F01,abrupt,feature,0.3,0.5,sensor_11
F02_S512_M30_O50,512,F02,gradual,feature,0.3,0.5,sensor_11
F03_S512_M30_O50,512,F03,multi_feature,feature,0.3,0.5,sensor_11
F04_S512_M30_O50,512,F04,concept,residual,0.3,0.5,sensor_11
F05_S512_M30_O50,512,F05,prediction,prediction,0.3,0.5,sensor_11
F06_S512_M30_O50,512,F06,prediction_controlled,prediction,0.3,0.5,sensor_11
F07_S512_M30_O50,512,F07,performance_only,performance,0.3,0.5,sensor_11
F08_S512_M30_O50,512,F08,recurrent,feature,0.3,0.5,sensor_11
F09_S512_M30_O50,512,F09,no_drift,none,0.3,0.5,none
F01_S512_M30_O65,512,F01,abrupt,feature,0.3,0.65,sensor_11
F02_S512_M30_O65,512,F02,gradual,feature,0.3,0.65,sensor_11
F03_S512_M30_O65,512,F03,multi_feature,feature,0.3,0.65,sensor_11
F04_S512_M30_O65,512,F04,concept,residual,0.3,0.65,sensor_11
F05_S512_M30_O65,512,F05,prediction,prediction,0.3,0.65,sensor_11
F06_S512_M30_O65,512,F06,prediction_controlled,prediction,0.3,0.65,sensor_11
F07_S512_M30_O65,512,F07,performance_only,performance,0.3,0.65,sensor_11
F08_S512_M30_O65,512,F08,recurrent,feature,0.3,0.65,sensor_11
F09_S512_M30_O65,512,F09,no_drift,none,0.3,0.65,none
F01_S512_M30_O80,512,F01,abrupt,feature,0.3,0.8,sensor_8
F02_S512_M30_O80,512,F02,gradual,feature,0.3,0.8,sensor_8
F03_S512_M30_O80,512,F03,multi_feature,feature,0.3,0.8,sensor_8
F04_S512_M30_O80,512,F04,concept,residual,0.3,0.8,sensor_8
F05_S512_M30_O80,512,F05,prediction,prediction,0.3,0.8,sensor_8
F06_S512_M30_O80,512,F06,prediction_controlled,prediction,0.3,0.8,sensor_8
F07_S512_M30_O80,512,F07,performance_only,performance,0.3,0.8,sensor_8
F08_S512_M30_O80,512,F08,recurrent,feature,0.3,0.8,sensor_8
F09_S512_M30_O80,512,F09,no_drift,none,0.3,0.8,none
F01_S512_M40_O20,512,F01,abrupt,feature,0.4,0.2,sensor_3
F02_S512_M40_O20,512,F02,gradual,feature,0.4,0.2,sensor_3
F03_S512_M40_O20,512,F03,multi_feature,feature,0.4,0.2,sensor_3
F04_S512_M40_O20,512,F04,concept,residual,0.4,0.2,sensor_3
F05_S512_M40_O20,512,F05,prediction,prediction,0.4,0.2,sensor_3
F06_S512_M40_O20,512,F06,prediction_controlled,prediction,0.4,0.2,sensor_3
F07_S512_M40_O20,512,F07,performance_only,performance,0.4,0.2,sensor_3
F08_S512_M40_O20,512,F08,recurrent,feature,0.4,0.2,sensor_3
F09_S512_M40_O20,512,F09,no_drift,none,0.4,0.2,none
F01_S512_M40_O35,512,F01,abrupt,feature,0.4,0.35,sensor_2
F02_S512_M40_O35,512,F02,gradual,feature,0.4,0.35,sensor_2
F03_S512_M40_O35,512,F03,multi_feature,feature,0.4,0.35,sensor_2
F04_S512_M40_O35,512,F04,concept,residual,0.4,0.35,sensor_2
F05_S512_M40_O35,512,F05,prediction,prediction,0.4,0.35,sensor_2
F06_S512_M40_O35,512,F06,prediction_controlled,prediction,0.4,0.35,sensor_2
F07_S512_M40_O35,512,F07,performance_only,performance,0.4,0.35,sensor_2
F08_S512_M40_O35,512,F08,recurrent,feature,0.4,0.35,sensor_2
F09_S512_M40_O35,512,F09,no_drift,none,0.4,0.35,none
F01_S512_M40_O50,512,F01,abrupt,feature,0.4,0.5,sensor_3
F02_S512_M40_O50,512,F02,gradual,feature,0.4,0.5,sensor_3
F03_S512_M40_O50,512,F03,multi_feature,feature,0.4,0.5,sensor_3
F04_S512_M40_O50,512,F04,concept,residual,0.4,0.5,sensor_3
F05_S512_M40_O50,512,F05,prediction,prediction,0.4,0.5,sensor_3
F06_S512_M40_O50,512,F06,prediction_controlled,prediction,0.4,0.5,sensor_3
F07_S512_M40_O50,512,F07,performance_only,performance,0.4,0.5,sensor_3
F08_S512_M40_O50,512,F08,recurrent,feature,0.4,0.5,sensor_3
F09_S512_M40_O50,512,F09,no_drift,none,0.4,0.5,none
F01_S512_M40_O65,512,F01,abrupt,feature,0.4,0.65,sensor_11
F02_S512_M40_O65,512,F02,gradual,feature,0.4,0.65,sensor_11
F03_S512_M40_O65,512,F03,multi_feature,feature,0.4,0.65,sensor_11
F04_S512_M40_O65,512,F04,concept,residual,0.4,0.65,sensor_11
F05_S512_M40_O65,512,F05,prediction,prediction,0.4,0.65,sensor_11
F06_S512_M40_O65,512,F06,prediction_controlled,prediction,0.4,0.65,sensor_11
F07_S512_M40_O65,512,F07,performance_only,performance,0.4,0.65,sensor_11
F08_S512_M40_O65,512,F08,recurrent,feature,0.4,0.65,sensor_11
F09_S512_M40_O65,512,F09,no_drift,none,0.4,0.65,none
F01_S512_M40_O80,512,F01,abrupt,feature,0.4,0.8,sensor_2
F02_S512_M40_O80,512,F02,gradual,feature,0.4,0.8,sensor_2
F03_S512_M40_O80,512,F03,multi_feature,feature,0.4,0.8,sensor_2
F04_S512_M40_O80,512,F04,concept,residual,0.4,0.8,sensor_2
F05_S512_M40_O80,512,F05,prediction,prediction,0.4,0.8,sensor_2
F06_S512_M40_O80,512,F06,prediction_controlled,prediction,0.4,0.8,sensor_2
F07_S512_M40_O80,512,F07,performance_only,performance,0.4,0.8,sensor_2
F08_S512_M40_O80,512,F08,recurrent,feature,0.4,0.8,sensor_2
F09_S512_M40_O80,512,F09,no_drift,none,0.4,0.8,none
F01_S512_M50_O20,512,F01,abrupt,feature,0.5,0.2,sensor_7
F02_S512_M50_O20,512,F02,gradual,feature,0.5,0.2,sensor_7
F03_S512_M50_O20,512,F03,multi_feature,feature,0.5,0.2,sensor_7
F04_S512_M50_O20,512,F04,concept,residual,0.5,0.2,sensor_7
F05_S512_M50_O20,512,F05,prediction,prediction,0.5,0.2,sensor_7
F06_S512_M50_O20,512,F06,prediction_controlled,prediction,0.5,0.2,sensor_7
F07_S512_M50_O20,512,F07,performance_only,performance,0.5,0.2,sensor_7
F08_S512_M50_O20,512,F08,recurrent,feature,0.5,0.2,sensor_7
F09_S512_M50_O20,512,F09,no_drift,none,0.5,0.2,none
F01_S512_M50_O35,512,F01,abrupt,feature,0.5,0.35,sensor_2
F02_S512_M50_O35,512,F02,gradual,feature,0.5,0.35,sensor_2
F03_S512_M50_O35,512,F03,multi_feature,feature,0.5,0.35,sensor_2
F04_S512_M50_O35,512,F04,concept,residual,0.5,0.35,sensor_2
F05_S512_M50_O35,512,F05,prediction,prediction,0.5,0.35,sensor_2
F06_S512_M50_O35,512,F06,prediction_controlled,prediction,0.5,0.35,sensor_2
F07_S512_M50_O35,512,F07,performance_only,performance,0.5,0.35,sensor_2
F08_S512_M50_O35,512,F08,recurrent,feature,0.5,0.35,sensor_2
F09_S512_M50_O35,512,F09,no_drift,none,0.5,0.35,none
F01_S512_M50_O50,512,F01,abrupt,feature,0.5,0.5,sensor_11
F02_S512_M50_O50,512,F02,gradual,feature,0.5,0.5,sensor_11
F03_S512_M50_O50,512,F03,multi_feature,feature,0.5,0.5,sensor_11
F04_S512_M50_O50,512,F04,concept,residual,0.5,0.5,sensor_11
F05_S512_M50_O50,512,F05,prediction,prediction,0.5,0.5,sensor_11
F06_S512_M50_O50,512,F06,prediction_controlled,prediction,0.5,0.5,sensor_11
F07_S512_M50_O50,512,F07,performance_only,performance,0.5,0.5,sensor_11
F08_S512_M50_O50,512,F08,recurrent,feature,0.5,0.5,sensor_11
F09_S512_M50_O50,512,F09,no_drift,none,0.5,0.5,none
F01_S512_M50_O65,512,F01,abrupt,feature,0.5,0.65,sensor_8
F02_S512_M50_O65,512,F02,gradual,feature,0.5,0.65,sensor_8
F03_S512_M50_O65,512,F03,multi_feature,feature,0.5,0.65,sensor_8
F04_S512_M50_O65,512,F04,concept,residual,0.5,0.65,sensor_8
F05_S512_M50_O65,512,F05,prediction,prediction,0.5,0.65,sensor_8
F06_S512_M50_O65,512,F06,prediction_controlled,prediction,0.5,0.65,sensor_8
F07_S512_M50_O65,512,F07,performance_only,performance,0.5,0.65,sensor_8
F08_S512_M50_O65,512,F08,recurrent,feature,0.5,0.65,sensor_8
F09_S512_M50_O65,512,F09,no_drift,none,0.5,0.65,none
F01_S512_M50_O80,512,F01,abrupt,feature,0.5,0.8,sensor_11
F02_S512_M50_O80,512,F02,gradual,feature,0.5,0.8,sensor_11
F03_S512_M50_O80,512,F03,multi_feature,feature,0.5,0.8,sensor_11
F04_S512_M50_O80,512,F04,concept,residual,0.5,0.8,sensor_11
F05_S512_M50_O80,512,F05,prediction,prediction,0.5,0.8,sensor_11
F06_S512_M50_O80,512,F06,prediction_controlled,prediction,0.5,0.8,sensor_11
F07_S512_M50_O80,512,F07,performance_only,performance,0.5,0.8,sensor_11
F08_S512_M50_O80,512,F08,recurrent,feature,0.5,0.8,sensor_11
F09_S512_M50_O80,512,F09,no_drift,none,0.5,0.8,none
